sample_id	sample_number	display_name	display_order
2PJGZM_16_sample_16	16	P1 (passage baseline)	1
2PJGZM_3_sample_3	3	P6_p1_48	2
2PJGZM_4_sample_4	4	5 anaerobes ratio 1	3
2PJGZM_5_sample_5	5	F:B	4
2PJGZM_6_sample_6	6	C:V:P	5
2PJGZM_7_sample_7	7	5 anaerobes ratio 2	6
2PJGZM_8_sample_8	8	P6_p1_24	7
2PJGZM_9_sample_9	9	P10 stock 24h	8
2PJGZM_10_sample_10	10	P6 frozen stock	9
2PJGZM_13_sample_13	13	P10 stock 96h	10
2PJGZM_17_sample_17	17	P3_3	11
2PJGZM_18_sample_18	18	P5_3	12
2PJGZM_19_sample_19	19	P7_3	13
2PJGZM_20_sample_20	20	P9 _1	14
