sample_id	read_status	estimated_counts	abundance_pct_all_usable_reads
2PJGZM_10_sample_10	unmapped	5.000000	0.125976
2PJGZM_10_sample_10	mapped_filtered	59.000000	1.486521
2PJGZM_10_sample_10	mapped_unclassified	0.000000	0.000000
2PJGZM_11_sample_11	unmapped	4.000000	0.097967
2PJGZM_11_sample_11	mapped_filtered	57.000000	1.396032
2PJGZM_11_sample_11	mapped_unclassified	1.000000	0.024492
2PJGZM_13_sample_13	unmapped	14.000000	0.401376
2PJGZM_13_sample_13	mapped_filtered	78.000000	2.236239
2PJGZM_13_sample_13	mapped_unclassified	0.000000	0.000000
2PJGZM_14_sample_14	unmapped	10.000000	0.250878
2PJGZM_14_sample_14	mapped_filtered	28.000000	0.702459
2PJGZM_14_sample_14	mapped_unclassified	1.000000	0.025088
2PJGZM_15_sample_15	unmapped	5.000000	0.136575
2PJGZM_15_sample_15	mapped_filtered	68.000000	1.857416
2PJGZM_15_sample_15	mapped_unclassified	1.000000	0.027315
2PJGZM_17_sample_17	unmapped	4.000000	0.121065
2PJGZM_17_sample_17	mapped_filtered	46.000000	1.392252
2PJGZM_17_sample_17	mapped_unclassified	0.000000	0.000000
2PJGZM_18_sample_18	unmapped	9.000000	0.258993
2PJGZM_18_sample_18	mapped_filtered	67.000000	1.928058
2PJGZM_18_sample_18	mapped_unclassified	1.000000	0.028777
2PJGZM_19_sample_19	unmapped	25.000000	0.761267
2PJGZM_19_sample_19	mapped_filtered	44.000000	1.339829
2PJGZM_19_sample_19	mapped_unclassified	1.000000	0.030451
2PJGZM_1_sample_1	unmapped	0.000000	0.000000
2PJGZM_1_sample_1	mapped_filtered	2.000000	0.803213
2PJGZM_1_sample_1	mapped_unclassified	0.000000	0.000000
2PJGZM_20_sample_20	unmapped	11.000000	0.305301
2PJGZM_20_sample_20	mapped_filtered	31.000000	0.860394
2PJGZM_20_sample_20	mapped_unclassified	3.000000	0.083264
2PJGZM_2_sample_2	unmapped	10.000000	0.253036
2PJGZM_2_sample_2	mapped_filtered	55.000000	1.391700
2PJGZM_2_sample_2	mapped_unclassified	0.000000	0.000000
2PJGZM_3_sample_3	unmapped	9.000000	0.240513
2PJGZM_3_sample_3	mapped_filtered	54.000000	1.443079
2PJGZM_3_sample_3	mapped_unclassified	3.000000	0.080171
2PJGZM_4_sample_4	unmapped	4.000000	0.102617
2PJGZM_4_sample_4	mapped_filtered	58.000000	1.487943
2PJGZM_4_sample_4	mapped_unclassified	1.000000	0.025654
2PJGZM_5_sample_5	unmapped	8.000000	0.197531
2PJGZM_5_sample_5	mapped_filtered	35.000000	0.864198
2PJGZM_5_sample_5	mapped_unclassified	1.000000	0.024691
2PJGZM_6_sample_6	unmapped	7.000000	0.174564
2PJGZM_6_sample_6	mapped_filtered	55.000000	1.371571
2PJGZM_6_sample_6	mapped_unclassified	0.000000	0.000000
2PJGZM_7_sample_7	unmapped	4.000000	0.121840
2PJGZM_7_sample_7	mapped_filtered	70.000000	2.132196
2PJGZM_7_sample_7	mapped_unclassified	1.000000	0.030460
2PJGZM_8_sample_8	unmapped	2.000000	0.059418
2PJGZM_8_sample_8	mapped_filtered	50.000000	1.485443
2PJGZM_8_sample_8	mapped_unclassified	1.000000	0.029709
2PJGZM_9_sample_9	unmapped	8.000000	0.194932
2PJGZM_9_sample_9	mapped_filtered	51.000000	1.242690
2PJGZM_9_sample_9	mapped_unclassified	1.000000	0.024366
