sample_id	tax_id	species	genus	taxon_category	estimated_counts	emu_abundance_pct_among_classified	abundance_pct_all_usable_reads	source_file
2PJGZM_10_sample_10	818	Bacteroides thetaiotaomicron	Bacteroides	expected_species	3057.651425	78.300933	77.038333	results/broad_emu/2PJGZM_10_sample_10/2PJGZM_10_sample_10_rel-abundance.tsv
2PJGZM_10_sample_10	29466	Veillonella parvula	Veillonella	expected_species	708.348571	18.139528	17.847029	results/broad_emu/2PJGZM_10_sample_10/2PJGZM_10_sample_10_rel-abundance.tsv
2PJGZM_10_sample_10	851	Fusobacterium nucleatum	Fusobacterium	expected_species	139.000004	3.559539	3.502142	results/broad_emu/2PJGZM_10_sample_10/2PJGZM_10_sample_10_rel-abundance.tsv
2PJGZM_11_sample_11	818	Bacteroides thetaiotaomicron	Bacteroides	expected_species	3094.936019	76.969312	75.800539	results/broad_emu/2PJGZM_11_sample_11/2PJGZM_11_sample_11_rel-abundance.tsv
2PJGZM_11_sample_11	851	Fusobacterium nucleatum	Fusobacterium	expected_species	170.000020	4.227805	4.163606	results/broad_emu/2PJGZM_11_sample_11/2PJGZM_11_sample_11_rel-abundance.tsv
2PJGZM_11_sample_11	29466	Veillonella parvula	Veillonella	expected_species	711.063960	17.683759	17.415233	results/broad_emu/2PJGZM_11_sample_11/2PJGZM_11_sample_11_rel-abundance.tsv
2PJGZM_11_sample_11	1282	Staphylococcus epidermidis	Staphylococcus	unexpected_taxon	45.000000	1.119125	1.102131	results/broad_emu/2PJGZM_11_sample_11/2PJGZM_11_sample_11_rel-abundance.tsv
2PJGZM_13_sample_13	818	Bacteroides thetaiotaomicron	Bacteroides	expected_species	3081.019008	90.724941	88.331967	results/broad_emu/2PJGZM_13_sample_13/2PJGZM_13_sample_13_rel-abundance.tsv
2PJGZM_13_sample_13	29466	Veillonella parvula	Veillonella	expected_species	285.980992	8.421113	8.198996	results/broad_emu/2PJGZM_13_sample_13/2PJGZM_13_sample_13_rel-abundance.tsv
2PJGZM_13_sample_13	851	Fusobacterium nucleatum	Fusobacterium	expected_species	29.000000	0.853946	0.831422	results/broad_emu/2PJGZM_13_sample_13/2PJGZM_13_sample_13_rel-abundance.tsv
2PJGZM_14_sample_14	818	Bacteroides thetaiotaomicron	Bacteroides	expected_species	3204.000001	81.175576	80.381335	results/broad_emu/2PJGZM_14_sample_14/2PJGZM_14_sample_14_rel-abundance.tsv
2PJGZM_14_sample_14	29466	Veillonella parvula	Veillonella	expected_species	647.999999	16.417532	16.256899	results/broad_emu/2PJGZM_14_sample_14/2PJGZM_14_sample_14_rel-abundance.tsv
2PJGZM_14_sample_14	851	Fusobacterium nucleatum	Fusobacterium	expected_species	95.000000	2.406891	2.383342	results/broad_emu/2PJGZM_14_sample_14/2PJGZM_14_sample_14_rel-abundance.tsv
2PJGZM_15_sample_15	818	Bacteroides thetaiotaomicron	Bacteroides	expected_species	2884.833399	80.424684	78.799055	results/broad_emu/2PJGZM_15_sample_15/2PJGZM_15_sample_15_rel-abundance.tsv
2PJGZM_15_sample_15	29466	Veillonella parvula	Veillonella	expected_species	606.166601	16.898985	16.557405	results/broad_emu/2PJGZM_15_sample_15/2PJGZM_15_sample_15_rel-abundance.tsv
2PJGZM_15_sample_15	851	Fusobacterium nucleatum	Fusobacterium	expected_species	96.000000	2.676331	2.622234	results/broad_emu/2PJGZM_15_sample_15/2PJGZM_15_sample_15_rel-abundance.tsv
2PJGZM_17_sample_17	818	Bacteroides thetaiotaomicron	Bacteroides	expected_species	2754.031982	84.635279	83.354479	results/broad_emu/2PJGZM_17_sample_17/2PJGZM_17_sample_17_rel-abundance.tsv
2PJGZM_17_sample_17	29466	Veillonella parvula	Veillonella	expected_species	431.000000	13.245237	13.044794	results/broad_emu/2PJGZM_17_sample_17/2PJGZM_17_sample_17_rel-abundance.tsv
2PJGZM_17_sample_17	851	Fusobacterium nucleatum	Fusobacterium	expected_species	46.000000	1.413645	1.392252	results/broad_emu/2PJGZM_17_sample_17/2PJGZM_17_sample_17_rel-abundance.tsv
2PJGZM_17_sample_17	28132	Prevotella melaninogenica	Prevotella	expected_species	22.968018	0.705840	0.695158	results/broad_emu/2PJGZM_17_sample_17/2PJGZM_17_sample_17_rel-abundance.tsv
2PJGZM_18_sample_18	818	Bacteroides thetaiotaomicron	Bacteroides	expected_species	3083.000000	90.729841	88.719424	results/broad_emu/2PJGZM_18_sample_18/2PJGZM_18_sample_18_rel-abundance.tsv
2PJGZM_18_sample_18	29466	Veillonella parvula	Veillonella	expected_species	259.000000	7.622131	7.453237	results/broad_emu/2PJGZM_18_sample_18/2PJGZM_18_sample_18_rel-abundance.tsv
2PJGZM_18_sample_18	851	Fusobacterium nucleatum	Fusobacterium	expected_species	56.000000	1.648028	1.611511	results/broad_emu/2PJGZM_18_sample_18/2PJGZM_18_sample_18_rel-abundance.tsv
2PJGZM_19_sample_19	818	Bacteroides thetaiotaomicron	Bacteroides	expected_species	2866.000002	89.172371	87.271620	results/broad_emu/2PJGZM_19_sample_19/2PJGZM_19_sample_19_rel-abundance.tsv
2PJGZM_19_sample_19	29466	Veillonella parvula	Veillonella	expected_species	315.999998	9.831985	9.622412	results/broad_emu/2PJGZM_19_sample_19/2PJGZM_19_sample_19_rel-abundance.tsv
2PJGZM_19_sample_19	851	Fusobacterium nucleatum	Fusobacterium	expected_species	32.000000	0.995644	0.974421	results/broad_emu/2PJGZM_19_sample_19/2PJGZM_19_sample_19_rel-abundance.tsv
2PJGZM_1_sample_1	851	Fusobacterium nucleatum	Fusobacterium	expected_species	24.000000	9.716599	9.638554	results/broad_emu/2PJGZM_1_sample_1/2PJGZM_1_sample_1_rel-abundance.tsv
2PJGZM_1_sample_1	818	Bacteroides thetaiotaomicron	Bacteroides	expected_species	215.000000	87.044534	86.345382	results/broad_emu/2PJGZM_1_sample_1/2PJGZM_1_sample_1_rel-abundance.tsv
2PJGZM_1_sample_1	29466	Veillonella parvula	Veillonella	expected_species	7.000000	2.834008	2.811245	results/broad_emu/2PJGZM_1_sample_1/2PJGZM_1_sample_1_rel-abundance.tsv
2PJGZM_1_sample_1	1747	Cutibacterium acnes	Cutibacterium	expected_species	1.000000	0.404858	0.401606	results/broad_emu/2PJGZM_1_sample_1/2PJGZM_1_sample_1_rel-abundance.tsv
2PJGZM_20_sample_20	818	Bacteroides thetaiotaomicron	Bacteroides	expected_species	3004.000000	84.429455	83.374965	results/broad_emu/2PJGZM_20_sample_20/2PJGZM_20_sample_20_rel-abundance.tsv
2PJGZM_20_sample_20	29466	Veillonella parvula	Veillonella	expected_species	498.000000	13.996627	13.821815	results/broad_emu/2PJGZM_20_sample_20/2PJGZM_20_sample_20_rel-abundance.tsv
2PJGZM_20_sample_20	851	Fusobacterium nucleatum	Fusobacterium	expected_species	56.000000	1.573918	1.554260	results/broad_emu/2PJGZM_20_sample_20/2PJGZM_20_sample_20_rel-abundance.tsv
2PJGZM_2_sample_2	818	Bacteroides thetaiotaomicron	Bacteroides	expected_species	2882.993006	74.170131	72.950228	results/broad_emu/2PJGZM_2_sample_2/2PJGZM_2_sample_2_rel-abundance.tsv
2PJGZM_2_sample_2	1282	Staphylococcus epidermidis	Staphylococcus	unexpected_taxon	361.006993	9.287548	9.134792	results/broad_emu/2PJGZM_2_sample_2/2PJGZM_2_sample_2_rel-abundance.tsv
2PJGZM_2_sample_2	851	Fusobacterium nucleatum	Fusobacterium	expected_species	254.000000	6.534603	6.427126	results/broad_emu/2PJGZM_2_sample_2/2PJGZM_2_sample_2_rel-abundance.tsv
2PJGZM_2_sample_2	29466	Veillonella parvula	Veillonella	expected_species	389.000001	10.007718	9.843117	results/broad_emu/2PJGZM_2_sample_2/2PJGZM_2_sample_2_rel-abundance.tsv
2PJGZM_3_sample_3	818	Bacteroides thetaiotaomicron	Bacteroides	expected_species	2729.999999	74.265506	72.955639	results/broad_emu/2PJGZM_3_sample_3/2PJGZM_3_sample_3_rel-abundance.tsv
2PJGZM_3_sample_3	29466	Veillonella parvula	Veillonella	expected_species	587.000001	15.968444	15.686799	results/broad_emu/2PJGZM_3_sample_3/2PJGZM_3_sample_3_rel-abundance.tsv
2PJGZM_3_sample_3	851	Fusobacterium nucleatum	Fusobacterium	expected_species	359.000000	9.766050	9.593800	results/broad_emu/2PJGZM_3_sample_3/2PJGZM_3_sample_3_rel-abundance.tsv
2PJGZM_4_sample_4	29466	Veillonella parvula	Veillonella	expected_species	328.003877	8.552904	8.414671	results/broad_emu/2PJGZM_4_sample_4/2PJGZM_4_sample_4_rel-abundance.tsv
2PJGZM_4_sample_4	818	Bacteroides thetaiotaomicron	Bacteroides	expected_species	1923.171522	50.147888	49.337392	results/broad_emu/2PJGZM_4_sample_4/2PJGZM_4_sample_4_rel-abundance.tsv
2PJGZM_4_sample_4	1747	Cutibacterium acnes	Cutibacterium	expected_species	1069.983342	27.900478	27.449547	results/broad_emu/2PJGZM_4_sample_4/2PJGZM_4_sample_4_rel-abundance.tsv
2PJGZM_4_sample_4	851	Fusobacterium nucleatum	Fusobacterium	expected_species	356.012775	9.283254	9.133216	results/broad_emu/2PJGZM_4_sample_4/2PJGZM_4_sample_4_rel-abundance.tsv
2PJGZM_4_sample_4	28132	Prevotella melaninogenica	Prevotella	expected_species	132.827988	3.463572	3.407593	results/broad_emu/2PJGZM_4_sample_4/2PJGZM_4_sample_4_rel-abundance.tsv
2PJGZM_4_sample_4	1282	Staphylococcus epidermidis	Staphylococcus	unexpected_taxon	25.000496	0.651903	0.641367	results/broad_emu/2PJGZM_4_sample_4/2PJGZM_4_sample_4_rel-abundance.tsv
2PJGZM_5_sample_5	818	Bacteroides thetaiotaomicron	Bacteroides	expected_species	3352.989619	83.699192	82.789867	results/broad_emu/2PJGZM_5_sample_5/2PJGZM_5_sample_5_rel-abundance.tsv
2PJGZM_5_sample_5	851	Fusobacterium nucleatum	Fusobacterium	expected_species	653.010381	16.300808	16.123713	results/broad_emu/2PJGZM_5_sample_5/2PJGZM_5_sample_5_rel-abundance.tsv
2PJGZM_6_sample_6	28132	Prevotella melaninogenica	Prevotella	expected_species	266.998329	6.762876	6.658312	results/broad_emu/2PJGZM_6_sample_6/2PJGZM_6_sample_6_rel-abundance.tsv
2PJGZM_6_sample_6	1747	Cutibacterium acnes	Cutibacterium	expected_species	2584.998652	65.476156	64.463807	results/broad_emu/2PJGZM_6_sample_6/2PJGZM_6_sample_6_rel-abundance.tsv
2PJGZM_6_sample_6	29466	Veillonella parvula	Veillonella	expected_species	1033.000000	26.165147	25.760599	results/broad_emu/2PJGZM_6_sample_6/2PJGZM_6_sample_6_rel-abundance.tsv
2PJGZM_6_sample_6	1282	Staphylococcus epidermidis	Staphylococcus	unexpected_taxon	63.003018	1.595821	1.571148	results/broad_emu/2PJGZM_6_sample_6/2PJGZM_6_sample_6_rel-abundance.tsv
2PJGZM_7_sample_7	818	Bacteroides thetaiotaomicron	Bacteroides	expected_species	1117.933961	34.848315	34.052207	results/broad_emu/2PJGZM_7_sample_7/2PJGZM_7_sample_7_rel-abundance.tsv
2PJGZM_7_sample_7	28132	Prevotella melaninogenica	Prevotella	expected_species	282.066039	8.792582	8.591716	results/broad_emu/2PJGZM_7_sample_7/2PJGZM_7_sample_7_rel-abundance.tsv
2PJGZM_7_sample_7	851	Fusobacterium nucleatum	Fusobacterium	expected_species	282.999999	8.821696	8.620164	results/broad_emu/2PJGZM_7_sample_7/2PJGZM_7_sample_7_rel-abundance.tsv
2PJGZM_7_sample_7	1747	Cutibacterium acnes	Cutibacterium	expected_species	1299.000001	40.492519	39.567469	results/broad_emu/2PJGZM_7_sample_7/2PJGZM_7_sample_7_rel-abundance.tsv
2PJGZM_7_sample_7	29466	Veillonella parvula	Veillonella	expected_species	202.000000	6.296758	6.152909	results/broad_emu/2PJGZM_7_sample_7/2PJGZM_7_sample_7_rel-abundance.tsv
2PJGZM_7_sample_7	1282	Staphylococcus epidermidis	Staphylococcus	unexpected_taxon	24.000000	0.748130	0.731039	results/broad_emu/2PJGZM_7_sample_7/2PJGZM_7_sample_7_rel-abundance.tsv
2PJGZM_8_sample_8	818	Bacteroides thetaiotaomicron	Bacteroides	expected_species	2710.000000	81.798974	80.510992	results/broad_emu/2PJGZM_8_sample_8/2PJGZM_8_sample_8_rel-abundance.tsv
2PJGZM_8_sample_8	29466	Veillonella parvula	Veillonella	expected_species	431.000000	13.009357	12.804516	results/broad_emu/2PJGZM_8_sample_8/2PJGZM_8_sample_8_rel-abundance.tsv
2PJGZM_8_sample_8	851	Fusobacterium nucleatum	Fusobacterium	expected_species	172.000000	5.191669	5.109923	results/broad_emu/2PJGZM_8_sample_8/2PJGZM_8_sample_8_rel-abundance.tsv
2PJGZM_9_sample_9	1282	Staphylococcus epidermidis	Staphylococcus	unexpected_taxon	143.697906	3.553361	3.501411	results/broad_emu/2PJGZM_9_sample_9/2PJGZM_9_sample_9_rel-abundance.tsv
2PJGZM_9_sample_9	818	Bacteroides thetaiotaomicron	Bacteroides	expected_species	3155.302084	78.024285	76.883579	results/broad_emu/2PJGZM_9_sample_9/2PJGZM_9_sample_9_rel-abundance.tsv
2PJGZM_9_sample_9	29466	Veillonella parvula	Veillonella	expected_species	450.000025	11.127597	10.964913	results/broad_emu/2PJGZM_9_sample_9/2PJGZM_9_sample_9_rel-abundance.tsv
2PJGZM_9_sample_9	851	Fusobacterium nucleatum	Fusobacterium	expected_species	294.999984	7.294757	7.188109	results/broad_emu/2PJGZM_9_sample_9/2PJGZM_9_sample_9_rel-abundance.tsv
