sample_id	usable_reads	emu_classified_estimated_reads	expected_species_estimated_reads	unexpected_species_estimated_reads	mapped_unclassified_reads	mapped_filtered_reads	unmapped_reads	taxonomy_unclassified_reads	total_non_expected_pct_all_usable_reads	status
2PJGZM_10_sample_10	3969	3905.000000	3905.000000	0.000000	0.000000	59.000000	5.000000	0.000000	1.612497	completed
2PJGZM_11_sample_11	4083	4021.000000	3976.000000	45.000000	1.000000	57.000000	4.000000	0.000000	2.620622	completed
2PJGZM_13_sample_13	3488	3396.000000	3396.000000	0.000000	0.000000	78.000000	14.000000	0.000000	2.637615	completed
2PJGZM_14_sample_14	3986	3947.000000	3947.000000	0.000000	1.000000	28.000000	10.000000	0.000000	0.978424	completed
2PJGZM_15_sample_15	3661	3587.000000	3587.000000	0.000000	1.000000	68.000000	5.000000	0.000000	2.021306	completed
2PJGZM_17_sample_17	3304	3254.000000	3254.000000	0.000000	0.000000	46.000000	4.000000	0.000000	1.513317	completed
2PJGZM_18_sample_18	3475	3398.000000	3398.000000	0.000000	1.000000	67.000000	9.000000	0.000000	2.215827	completed
2PJGZM_19_sample_19	3284	3214.000000	3214.000000	0.000000	1.000000	44.000000	25.000000	0.000000	2.131547	completed
2PJGZM_1_sample_1	249	247.000000	247.000000	0.000000	0.000000	2.000000	0.000000	0.000000	0.803213	completed
2PJGZM_20_sample_20	3603	3558.000000	3558.000000	0.000000	3.000000	31.000000	11.000000	0.000000	1.248959	completed
2PJGZM_2_sample_2	3952	3887.000000	3525.993007	361.006993	0.000000	55.000000	10.000000	0.000000	10.779529	completed
2PJGZM_3_sample_3	3742	3676.000000	3676.000000	0.000000	3.000000	54.000000	9.000000	0.000000	1.763763	completed
2PJGZM_4_sample_4	3898	3835.000000	3809.999504	25.000496	1.000000	58.000000	4.000000	0.000000	2.257581	completed
2PJGZM_5_sample_5	4050	4006.000000	4006.000000	0.000000	1.000000	35.000000	8.000000	0.000000	1.086420	completed
2PJGZM_6_sample_6	4010	3948.000000	3884.996982	63.003018	0.000000	55.000000	7.000000	0.000000	3.117282	completed
2PJGZM_7_sample_7	3283	3208.000000	3184.000000	24.000000	1.000000	70.000000	4.000000	0.000000	3.015535	completed
2PJGZM_8_sample_8	3366	3313.000000	3313.000000	0.000000	1.000000	50.000000	2.000000	0.000000	1.574569	completed
2PJGZM_9_sample_9	4104	4044.000000	3900.302094	143.697906	1.000000	51.000000	8.000000	0.000000	4.963399	completed
