sample_id	genus	genus_category	estimated_counts	abundance_pct_all_usable_reads
2PJGZM_10_sample_10	Bacteroides	expected_genus	3057.651425	77.038333
2PJGZM_10_sample_10	Fusobacterium	expected_genus	139.000004	3.502142
2PJGZM_10_sample_10	Veillonella	expected_genus	708.348571	17.847029
2PJGZM_11_sample_11	Bacteroides	expected_genus	3094.936019	75.800539
2PJGZM_11_sample_11	Fusobacterium	expected_genus	170.000020	4.163606
2PJGZM_11_sample_11	Staphylococcus	unexpected_genus	45.000000	1.102131
2PJGZM_11_sample_11	Veillonella	expected_genus	711.063960	17.415233
2PJGZM_13_sample_13	Bacteroides	expected_genus	3081.019008	88.331967
2PJGZM_13_sample_13	Fusobacterium	expected_genus	29.000000	0.831422
2PJGZM_13_sample_13	Veillonella	expected_genus	285.980992	8.198996
2PJGZM_14_sample_14	Bacteroides	expected_genus	3204.000001	80.381335
2PJGZM_14_sample_14	Fusobacterium	expected_genus	95.000000	2.383342
2PJGZM_14_sample_14	Veillonella	expected_genus	647.999999	16.256899
2PJGZM_15_sample_15	Bacteroides	expected_genus	2884.833399	78.799055
2PJGZM_15_sample_15	Fusobacterium	expected_genus	96.000000	2.622234
2PJGZM_15_sample_15	Veillonella	expected_genus	606.166601	16.557405
2PJGZM_17_sample_17	Bacteroides	expected_genus	2754.031982	83.354479
2PJGZM_17_sample_17	Fusobacterium	expected_genus	46.000000	1.392252
2PJGZM_17_sample_17	Prevotella	expected_genus	22.968018	0.695158
2PJGZM_17_sample_17	Veillonella	expected_genus	431.000000	13.044794
2PJGZM_18_sample_18	Bacteroides	expected_genus	3083.000000	88.719424
2PJGZM_18_sample_18	Fusobacterium	expected_genus	56.000000	1.611511
2PJGZM_18_sample_18	Veillonella	expected_genus	259.000000	7.453237
2PJGZM_19_sample_19	Bacteroides	expected_genus	2866.000002	87.271620
2PJGZM_19_sample_19	Fusobacterium	expected_genus	32.000000	0.974421
2PJGZM_19_sample_19	Veillonella	expected_genus	315.999998	9.622412
2PJGZM_1_sample_1	Bacteroides	expected_genus	215.000000	86.345382
2PJGZM_1_sample_1	Cutibacterium	expected_genus	1.000000	0.401606
2PJGZM_1_sample_1	Fusobacterium	expected_genus	24.000000	9.638554
2PJGZM_1_sample_1	Veillonella	expected_genus	7.000000	2.811245
2PJGZM_20_sample_20	Bacteroides	expected_genus	3004.000000	83.374965
2PJGZM_20_sample_20	Fusobacterium	expected_genus	56.000000	1.554260
2PJGZM_20_sample_20	Veillonella	expected_genus	498.000000	13.821815
2PJGZM_2_sample_2	Bacteroides	expected_genus	2882.993006	72.950228
2PJGZM_2_sample_2	Fusobacterium	expected_genus	254.000000	6.427126
2PJGZM_2_sample_2	Staphylococcus	unexpected_genus	361.006993	9.134792
2PJGZM_2_sample_2	Veillonella	expected_genus	389.000001	9.843117
2PJGZM_3_sample_3	Bacteroides	expected_genus	2729.999999	72.955639
2PJGZM_3_sample_3	Fusobacterium	expected_genus	359.000000	9.593800
2PJGZM_3_sample_3	Veillonella	expected_genus	587.000001	15.686799
2PJGZM_4_sample_4	Bacteroides	expected_genus	1923.171522	49.337392
2PJGZM_4_sample_4	Cutibacterium	expected_genus	1069.983342	27.449547
2PJGZM_4_sample_4	Fusobacterium	expected_genus	356.012775	9.133216
2PJGZM_4_sample_4	Prevotella	expected_genus	132.827988	3.407593
2PJGZM_4_sample_4	Staphylococcus	unexpected_genus	25.000496	0.641367
2PJGZM_4_sample_4	Veillonella	expected_genus	328.003877	8.414671
2PJGZM_5_sample_5	Bacteroides	expected_genus	3352.989619	82.789867
2PJGZM_5_sample_5	Fusobacterium	expected_genus	653.010381	16.123713
2PJGZM_6_sample_6	Cutibacterium	expected_genus	2584.998652	64.463807
2PJGZM_6_sample_6	Prevotella	expected_genus	266.998329	6.658312
2PJGZM_6_sample_6	Staphylococcus	unexpected_genus	63.003018	1.571148
2PJGZM_6_sample_6	Veillonella	expected_genus	1033.000000	25.760599
2PJGZM_7_sample_7	Bacteroides	expected_genus	1117.933961	34.052207
2PJGZM_7_sample_7	Cutibacterium	expected_genus	1299.000001	39.567469
2PJGZM_7_sample_7	Fusobacterium	expected_genus	282.999999	8.620164
2PJGZM_7_sample_7	Prevotella	expected_genus	282.066039	8.591716
2PJGZM_7_sample_7	Staphylococcus	unexpected_genus	24.000000	0.731039
2PJGZM_7_sample_7	Veillonella	expected_genus	202.000000	6.152909
2PJGZM_8_sample_8	Bacteroides	expected_genus	2710.000000	80.510992
2PJGZM_8_sample_8	Fusobacterium	expected_genus	172.000000	5.109923
2PJGZM_8_sample_8	Veillonella	expected_genus	431.000000	12.804516
2PJGZM_9_sample_9	Bacteroides	expected_genus	3155.302084	76.883579
2PJGZM_9_sample_9	Fusobacterium	expected_genus	294.999984	7.188109
2PJGZM_9_sample_9	Staphylococcus	unexpected_genus	143.697906	3.501411
2PJGZM_9_sample_9	Veillonella	expected_genus	450.000025	10.964913
