sample_id,genus,custom_emu_pct,broad_emu_pct
2PJGZM_10_sample_10,Bacteroides,78.36242201394803,78.30093277848913
2PJGZM_10_sample_10,Cutibacterium,0,NA
2PJGZM_10_sample_10,Fusobacterium,3.619096328915482,3.559539154929577
2PJGZM_10_sample_10,Prevotella,0,NA
2PJGZM_10_sample_10,Veillonella,18.018481657136476,18.139528066581306
2PJGZM_11_sample_11,Bacteroides,77.24375076835678,77.84044315338039
2PJGZM_11_sample_11,Cutibacterium,0,NA
2PJGZM_11_sample_11,Fusobacterium,4.3317776441017495,4.275654427634722
2PJGZM_11_sample_11,Prevotella,0,NA
2PJGZM_11_sample_11,Veillonella,18.42447158754148,17.88390241898488
2PJGZM_13_sample_13,Bacteroides,90.81145073810006,90.72494134275618
2PJGZM_13_sample_13,Cutibacterium,0,NA
2PJGZM_13_sample_13,Fusobacterium,0.8567208271787298,0.8539458186101295
2PJGZM_13_sample_13,Prevotella,0,NA
2PJGZM_13_sample_13,Veillonella,8.331828434721215,8.421112838633686
2PJGZM_14_sample_14,Bacteroides,81.11504596102358,81.17557641246516
2PJGZM_14_sample_14,Cutibacterium,0,NA
2PJGZM_14_sample_14,Fusobacterium,2.3863924854023866,2.4068913098555864
2PJGZM_14_sample_14,Prevotella,0,NA
2PJGZM_14_sample_14,Veillonella,16.49856155357404,16.41753227767925
2PJGZM_15_sample_15,Bacteroides,80.64786180614722,80.42468355171454
2PJGZM_15_sample_15,Cutibacterium,0,NA
2PJGZM_15_sample_15,Fusobacterium,2.652890254118961,2.676331195985503
2PJGZM_15_sample_15,Prevotella,0,NA
2PJGZM_15_sample_15,Veillonella,16.699247939733805,16.898985252299973
2PJGZM_17_sample_17,Bacteroides,84.67549500011911,84.6352791026429
2PJGZM_17_sample_17,Cutibacterium,0,NA
2PJGZM_17_sample_17,Fusobacterium,1.4184397163120568,1.4136447449293177
2PJGZM_17_sample_17,Prevotella,0.6788125801473704,0.7058395205900431
2PJGZM_17_sample_17,Veillonella,13.227252703421453,13.245236631837738
2PJGZM_18_sample_18,Bacteroides,90.8527589259368,90.72984108298999
2PJGZM_18_sample_18,Cutibacterium,0,NA
2PJGZM_18_sample_18,Fusobacterium,1.593390380643279,1.64802825191289
2PJGZM_18_sample_18,Prevotella,0,NA
2PJGZM_18_sample_18,Veillonella,7.553850693419912,7.622130665097116
2PJGZM_19_sample_19,Bacteroides,89.16225839927426,89.17237093963908
2PJGZM_19_sample_19,Cutibacterium,0,NA
2PJGZM_19_sample_19,Fusobacterium,0.9965742759265026,0.9956440572495333
2PJGZM_19_sample_19,Prevotella,0,NA
2PJGZM_19_sample_19,Veillonella,9.841167324799228,9.831985003111388
2PJGZM_1_sample_1,Bacteroides,87.13692946058092,87.04453441295547
2PJGZM_1_sample_1,Cutibacterium,0.4149377593360996,0.4048582995951417
2PJGZM_1_sample_1,Fusobacterium,9.54356846473029,9.7165991902834
2PJGZM_1_sample_1,Prevotella,0,NA
2PJGZM_1_sample_1,Veillonella,2.904564315352697,2.834008097165992
2PJGZM_20_sample_20,Bacteroides,84.63552825176737,84.42945474985947
2PJGZM_20_sample_20,Cutibacterium,0,NA
2PJGZM_20_sample_20,Fusobacterium,1.6069918240766847,1.5739179314221472
2PJGZM_20_sample_20,Prevotella,0,NA
2PJGZM_20_sample_20,Veillonella,13.75747992415596,13.996627318718382
2PJGZM_2_sample_2,Bacteroides,75.61788253837078,81.76400237540233
2PJGZM_2_sample_2,Cutibacterium,0,NA
2PJGZM_2_sample_2,Fusobacterium,7.113402061855949,7.203644462588124
2PJGZM_2_sample_2,Prevotella,0,NA
2PJGZM_2_sample_2,Veillonella,17.26871539977326,11.032353162009546
2PJGZM_3_sample_3,Bacteroides,74.32511677400272,74.26550595756257
2PJGZM_3_sample_3,Cutibacterium,0,NA
2PJGZM_3_sample_3,Fusobacterium,9.671727197765192,9.766050054406964
2PJGZM_3_sample_3,Prevotella,0,NA
2PJGZM_3_sample_3,Veillonella,16.003156028232087,15.968443988030467
2PJGZM_4_sample_4,Bacteroides,50.171228286361135,50.47694940592307
2PJGZM_4_sample_4,Cutibacterium,27.91611548350683,28.083555939486544
2PJGZM_4_sample_4,Fusobacterium,9.279161201180546,9.34416853929333
2PJGZM_4_sample_4,Prevotella,3.485395409949478,3.4862993514972382
2PJGZM_4_sample_4,Veillonella,9.14809961900201,8.60902676379981
2PJGZM_5_sample_5,Bacteroides,83.59724520695468,83.6991916874688
2PJGZM_5_sample_5,Cutibacterium,0,NA
2PJGZM_5_sample_5,Fusobacterium,16.402754793045318,16.300808312531206
2PJGZM_5_sample_5,Prevotella,0,NA
2PJGZM_5_sample_5,Veillonella,0,NA
2PJGZM_6_sample_6,Bacteroides,0,NA
2PJGZM_6_sample_6,Cutibacterium,66.09911054637865,66.5379835465051
2PJGZM_6_sample_6,Fusobacterium,0,NA
2PJGZM_6_sample_6,Prevotella,6.632782719186785,6.872549201602584
2PJGZM_6_sample_6,Veillonella,27.26810673443456,26.589467251892312
2PJGZM_7_sample_7,Bacteroides,34.894406732253664,35.11099123743718
2PJGZM_7_sample_7,Cutibacterium,40.68847325511877,40.79773872487437
2PJGZM_7_sample_7,Fusobacterium,8.864482028155813,8.888190923366833
2PJGZM_7_sample_7,Prevotella,8.892785281183299,8.85885800879397
2PJGZM_7_sample_7,Veillonella,6.6598527032884505,6.344221105527638
2PJGZM_8_sample_8,Bacteroides,81.90625388000363,81.79897373981287
2PJGZM_8_sample_8,Cutibacterium,0,NA
2PJGZM_8_sample_8,Fusobacterium,5.204236006051436,5.191669182010263
2PJGZM_8_sample_8,Prevotella,0,NA
2PJGZM_8_sample_8,Veillonella,12.889510113944937,13.00935707817688
2PJGZM_9_sample_9,Bacteroides,78.66470601534392,80.8989152317951
2PJGZM_9_sample_9,Cutibacterium,0,NA
2PJGZM_9_sample_9,Fusobacterium,7.700744295144215,7.563516285814018
2PJGZM_9_sample_9,Prevotella,0,NA
2PJGZM_9_sample_9,Veillonella,13.634549689511866,11.537568482390885
