sample_id,species,emu_abundance_pct_renormalized_among_expected,emu_abundance_pct_all_usable_reads,estimated_counts,source_file
2PJGZM_10_sample_10,Bacteroides thetaiotaomicron,78.36242201394803,76.9211378600004,3052.999961663416,results/custom_emu/2PJGZM_10_sample_10/2PJGZM_10_sample_10_rel-abundance.tsv
2PJGZM_10_sample_10,Cutibacterium acnes,0,0,0,results/custom_emu/2PJGZM_10_sample_10/2PJGZM_10_sample_10_rel-abundance.tsv
2PJGZM_10_sample_10,Fusobacterium nucleatum,3.619096328915482,3.552531946952562,140.99999297454718,results/custom_emu/2PJGZM_10_sample_10/2PJGZM_10_sample_10_rel-abundance.tsv
2PJGZM_10_sample_10,Prevotella melaninogenica,0,0,0,results/custom_emu/2PJGZM_10_sample_10/2PJGZM_10_sample_10_rel-abundance.tsv
2PJGZM_10_sample_10,Veillonella parvula,18.018481657136476,17.687075972840443,702.0000453620372,results/custom_emu/2PJGZM_10_sample_10/2PJGZM_10_sample_10_rel-abundance.tsv
2PJGZM_11_sample_11,Bacteroides thetaiotaomicron,77.24375076835678,75.88162731615945,3098.24684331879,results/custom_emu/2PJGZM_11_sample_11/2PJGZM_11_sample_11_rel-abundance.tsv
2PJGZM_11_sample_11,Cutibacterium acnes,0,0,0,results/custom_emu/2PJGZM_11_sample_11/2PJGZM_11_sample_11_rel-abundance.tsv
2PJGZM_11_sample_11,Fusobacterium nucleatum,4.3317776441017495,4.255390676094077,173.74760130492115,results/custom_emu/2PJGZM_11_sample_11/2PJGZM_11_sample_11_rel-abundance.tsv
2PJGZM_11_sample_11,Prevotella melaninogenica,0,0,0,results/custom_emu/2PJGZM_11_sample_11/2PJGZM_11_sample_11_rel-abundance.tsv
2PJGZM_11_sample_11,Veillonella parvula,18.42447158754148,18.099572749847873,739.0055553762887,results/custom_emu/2PJGZM_11_sample_11/2PJGZM_11_sample_11_rel-abundance.tsv
2PJGZM_13_sample_13,Bacteroides thetaiotaomicron,90.81145073810006,88.12980526045547,3073.9676074846866,results/custom_emu/2PJGZM_13_sample_13/2PJGZM_13_sample_13_rel-abundance.tsv
2PJGZM_13_sample_13,Cutibacterium acnes,0,0,0,results/custom_emu/2PJGZM_13_sample_13/2PJGZM_13_sample_13_rel-abundance.tsv
2PJGZM_13_sample_13,Fusobacterium nucleatum,0.8567208271787298,0.8314220183486238,29,results/custom_emu/2PJGZM_13_sample_13/2PJGZM_13_sample_13_rel-abundance.tsv
2PJGZM_13_sample_13,Prevotella melaninogenica,0,0,0,results/custom_emu/2PJGZM_13_sample_13/2PJGZM_13_sample_13_rel-abundance.tsv
2PJGZM_13_sample_13,Veillonella parvula,8.331828434721215,8.085791069819756,282.03239251531306,results/custom_emu/2PJGZM_13_sample_13/2PJGZM_13_sample_13_rel-abundance.tsv
2PJGZM_14_sample_14,Bacteroides thetaiotaomicron,81.11504596102358,80.15859659821172,3195.1216604047186,results/custom_emu/2PJGZM_14_sample_14/2PJGZM_14_sample_14_rel-abundance.tsv
2PJGZM_14_sample_14,Cutibacterium acnes,0,0,0,results/custom_emu/2PJGZM_14_sample_14/2PJGZM_14_sample_14_rel-abundance.tsv
2PJGZM_14_sample_14,Fusobacterium nucleatum,2.3863924854023866,2.3582538886101356,94,results/custom_emu/2PJGZM_14_sample_14/2PJGZM_14_sample_14_rel-abundance.tsv
2PJGZM_14_sample_14,Prevotella melaninogenica,0,0,0,results/custom_emu/2PJGZM_14_sample_14/2PJGZM_14_sample_14_rel-abundance.tsv
2PJGZM_14_sample_14,Veillonella parvula,16.49856155357404,16.30402256887309,649.8783395952814,results/custom_emu/2PJGZM_14_sample_14/2PJGZM_14_sample_14_rel-abundance.tsv
2PJGZM_15_sample_15,Bacteroides thetaiotaomicron,80.64786180614722,78.88554851893286,2887.9999312781324,results/custom_emu/2PJGZM_15_sample_15/2PJGZM_15_sample_15_rel-abundance.tsv
2PJGZM_15_sample_15,Cutibacterium acnes,0,0,0,results/custom_emu/2PJGZM_15_sample_15/2PJGZM_15_sample_15_rel-abundance.tsv
2PJGZM_15_sample_15,Fusobacterium nucleatum,2.652890254118961,2.594919420923245,95,results/custom_emu/2PJGZM_15_sample_15/2PJGZM_15_sample_15_rel-abundance.tsv
2PJGZM_15_sample_15,Prevotella melaninogenica,0,0,0,results/custom_emu/2PJGZM_15_sample_15/2PJGZM_15_sample_15_rel-abundance.tsv
2PJGZM_15_sample_15,Veillonella parvula,16.699247939733805,16.334336758313782,598.0000687218676,results/custom_emu/2PJGZM_15_sample_15/2PJGZM_15_sample_15_rel-abundance.tsv
2PJGZM_17_sample_17,Bacteroides thetaiotaomicron,84.67549500011911,83.11217623649706,2746.026302853863,results/custom_emu/2PJGZM_17_sample_17/2PJGZM_17_sample_17_rel-abundance.tsv
2PJGZM_17_sample_17,Cutibacterium acnes,0,0,0,results/custom_emu/2PJGZM_17_sample_17/2PJGZM_17_sample_17_rel-abundance.tsv
2PJGZM_17_sample_17,Fusobacterium nucleatum,1.4184397163120568,1.3922518159806296,46,results/custom_emu/2PJGZM_17_sample_17/2PJGZM_17_sample_17_rel-abundance.tsv
2PJGZM_17_sample_17,Prevotella melaninogenica,0.6788125801473704,0.6662800234315746,22.013891974179224,results/custom_emu/2PJGZM_17_sample_17/2PJGZM_17_sample_17_rel-abundance.tsv
2PJGZM_17_sample_17,Veillonella parvula,13.227252703421453,12.983044950725112,428.95980517195767,results/custom_emu/2PJGZM_17_sample_17/2PJGZM_17_sample_17_rel-abundance.tsv
2PJGZM_18_sample_18,Bacteroides thetaiotaomicron,90.8527589259368,88.60431654676253,3078.999999999998,results/custom_emu/2PJGZM_18_sample_18/2PJGZM_18_sample_18_rel-abundance.tsv
2PJGZM_18_sample_18,Cutibacterium acnes,0,0,0,results/custom_emu/2PJGZM_18_sample_18/2PJGZM_18_sample_18_rel-abundance.tsv
2PJGZM_18_sample_18,Fusobacterium nucleatum,1.593390380643279,1.5539568345323949,54.00000000000072,results/custom_emu/2PJGZM_18_sample_18/2PJGZM_18_sample_18_rel-abundance.tsv
2PJGZM_18_sample_18,Prevotella melaninogenica,0,0,0,results/custom_emu/2PJGZM_18_sample_18/2PJGZM_18_sample_18_rel-abundance.tsv
2PJGZM_18_sample_18,Veillonella parvula,7.553850693419912,7.3669064748201665,256.0000000000008,results/custom_emu/2PJGZM_18_sample_18/2PJGZM_18_sample_18_rel-abundance.tsv
2PJGZM_19_sample_19,Bacteroides thetaiotaomicron,89.16225839927426,87.18027153473498,2863.000117200697,results/custom_emu/2PJGZM_19_sample_19/2PJGZM_19_sample_19_rel-abundance.tsv
2PJGZM_19_sample_19,Cutibacterium acnes,0,0,0,results/custom_emu/2PJGZM_19_sample_19/2PJGZM_19_sample_19_rel-abundance.tsv
2PJGZM_19_sample_19,Fusobacterium nucleatum,0.9965742759265026,0.97442143727162,32,results/custom_emu/2PJGZM_19_sample_19/2PJGZM_19_sample_19_rel-abundance.tsv
2PJGZM_19_sample_19,Prevotella melaninogenica,0,0,0,results/custom_emu/2PJGZM_19_sample_19/2PJGZM_19_sample_19_rel-abundance.tsv
2PJGZM_19_sample_19,Veillonella parvula,9.841167324799228,9.622408124217516,315.9998827993032,results/custom_emu/2PJGZM_19_sample_19/2PJGZM_19_sample_19_rel-abundance.tsv
2PJGZM_1_sample_1,Bacteroides thetaiotaomicron,87.13692946058092,84.33734939759036,210,results/custom_emu/2PJGZM_1_sample_1/2PJGZM_1_sample_1_rel-abundance.tsv
2PJGZM_1_sample_1,Cutibacterium acnes,0.4149377593360996,0.4016064257028112,1,results/custom_emu/2PJGZM_1_sample_1/2PJGZM_1_sample_1_rel-abundance.tsv
2PJGZM_1_sample_1,Fusobacterium nucleatum,9.54356846473029,9.236947791164658,23,results/custom_emu/2PJGZM_1_sample_1/2PJGZM_1_sample_1_rel-abundance.tsv
2PJGZM_1_sample_1,Prevotella melaninogenica,0,0,0,results/custom_emu/2PJGZM_1_sample_1/2PJGZM_1_sample_1_rel-abundance.tsv
2PJGZM_1_sample_1,Veillonella parvula,2.904564315352697,2.8112449799196786,7,results/custom_emu/2PJGZM_1_sample_1/2PJGZM_1_sample_1_rel-abundance.tsv
2PJGZM_20_sample_20,Bacteroides thetaiotaomicron,84.63552825176737,83.32007180377985,3002.0221870901883,results/custom_emu/2PJGZM_20_sample_20/2PJGZM_20_sample_20_rel-abundance.tsv
2PJGZM_20_sample_20,Cutibacterium acnes,0,0,0,results/custom_emu/2PJGZM_20_sample_20/2PJGZM_20_sample_20_rel-abundance.tsv
2PJGZM_20_sample_20,Fusobacterium nucleatum,1.6069918240766847,1.582014987510408,57.00000000000001,results/custom_emu/2PJGZM_20_sample_20/2PJGZM_20_sample_20_rel-abundance.tsv
2PJGZM_20_sample_20,Prevotella melaninogenica,0,0,0,results/custom_emu/2PJGZM_20_sample_20/2PJGZM_20_sample_20_rel-abundance.tsv
2PJGZM_20_sample_20,Veillonella parvula,13.75747992415596,13.543652870103022,487.9778129098119,results/custom_emu/2PJGZM_20_sample_20/2PJGZM_20_sample_20_rel-abundance.tsv
2PJGZM_2_sample_2,Bacteroides thetaiotaomicron,75.61788253837078,74.24022880791463,2933.9738424887864,results/custom_emu/2PJGZM_2_sample_2/2PJGZM_2_sample_2_rel-abundance.tsv
2PJGZM_2_sample_2,Cutibacterium acnes,0,0,0,results/custom_emu/2PJGZM_2_sample_2/2PJGZM_2_sample_2_rel-abundance.tsv
2PJGZM_2_sample_2,Fusobacterium nucleatum,7.113402061855949,6.983805668016467,276.0000000000108,results/custom_emu/2PJGZM_2_sample_2/2PJGZM_2_sample_2_rel-abundance.tsv
2PJGZM_2_sample_2,Prevotella melaninogenica,0,0,0,results/custom_emu/2PJGZM_2_sample_2/2PJGZM_2_sample_2_rel-abundance.tsv
2PJGZM_2_sample_2,Veillonella parvula,17.26871539977326,16.95410317589075,670.0261575112025,results/custom_emu/2PJGZM_2_sample_2/2PJGZM_2_sample_2_rel-abundance.tsv
2PJGZM_3_sample_3,Bacteroides thetaiotaomicron,74.32511677400272,72.75598683676428,2722.529027431719,results/custom_emu/2PJGZM_3_sample_3/2PJGZM_3_sample_3_rel-abundance.tsv
2PJGZM_3_sample_3,Cutibacterium acnes,0,0,0,results/custom_emu/2PJGZM_3_sample_3/2PJGZM_3_sample_3_rel-abundance.tsv
2PJGZM_3_sample_3,Fusobacterium nucleatum,9.671727197765192,9.467540546609808,354.275367254139,results/custom_emu/2PJGZM_3_sample_3/2PJGZM_3_sample_3_rel-abundance.tsv
2PJGZM_3_sample_3,Prevotella melaninogenica,0,0,0,results/custom_emu/2PJGZM_3_sample_3/2PJGZM_3_sample_3_rel-abundance.tsv
2PJGZM_3_sample_3,Veillonella parvula,16.003156028232087,15.665302119565508,586.1956053141413,results/custom_emu/2PJGZM_3_sample_3/2PJGZM_3_sample_3_rel-abundance.tsv
2PJGZM_4_sample_4,Bacteroides thetaiotaomicron,50.171228286361135,49.10293378975571,1914.0323591246777,results/custom_emu/2PJGZM_4_sample_4/2PJGZM_4_sample_4_rel-abundance.tsv
2PJGZM_4_sample_4,Cutibacterium acnes,27.91611548350683,27.32169845294473,1064.9998056957857,results/custom_emu/2PJGZM_4_sample_4/2PJGZM_4_sample_4_rel-abundance.tsv
2PJGZM_4_sample_4,Fusobacterium nucleatum,9.279161201180546,9.081580293099996,353.9999998250379,results/custom_emu/2PJGZM_4_sample_4/2PJGZM_4_sample_4_rel-abundance.tsv
2PJGZM_4_sample_4,Prevotella melaninogenica,3.485395409949478,3.4111809874184864,132.9678348895726,results/custom_emu/2PJGZM_4_sample_4/2PJGZM_4_sample_4_rel-abundance.tsv
2PJGZM_4_sample_4,Veillonella parvula,9.14809961900201,8.953309401357794,349.00000046492676,results/custom_emu/2PJGZM_4_sample_4/2PJGZM_4_sample_4_rel-abundance.tsv
2PJGZM_5_sample_5,Bacteroides thetaiotaomicron,83.59724520695468,82.54453915620044,3343.053835826118,results/custom_emu/2PJGZM_5_sample_5/2PJGZM_5_sample_5_rel-abundance.tsv
2PJGZM_5_sample_5,Cutibacterium acnes,0,0,0,results/custom_emu/2PJGZM_5_sample_5/2PJGZM_5_sample_5_rel-abundance.tsv
2PJGZM_5_sample_5,Fusobacterium nucleatum,16.402754793045318,16.196201584540304,655.9461641738823,results/custom_emu/2PJGZM_5_sample_5/2PJGZM_5_sample_5_rel-abundance.tsv
2PJGZM_5_sample_5,Prevotella melaninogenica,0,0,0,results/custom_emu/2PJGZM_5_sample_5/2PJGZM_5_sample_5_rel-abundance.tsv
2PJGZM_5_sample_5,Veillonella parvula,0,0,0,results/custom_emu/2PJGZM_5_sample_5/2PJGZM_5_sample_5_rel-abundance.tsv
2PJGZM_6_sample_6,Bacteroides thetaiotaomicron,0,0,0,results/custom_emu/2PJGZM_6_sample_6/2PJGZM_6_sample_6_rel-abundance.tsv
2PJGZM_6_sample_6,Cutibacterium acnes,66.09911054637865,64.86284289276809,2601,results/custom_emu/2PJGZM_6_sample_6/2PJGZM_6_sample_6_rel-abundance.tsv
2PJGZM_6_sample_6,Fusobacterium nucleatum,0,0,0,results/custom_emu/2PJGZM_6_sample_6/2PJGZM_6_sample_6_rel-abundance.tsv
2PJGZM_6_sample_6,Prevotella melaninogenica,6.632782719186785,6.508728179551122,261,results/custom_emu/2PJGZM_6_sample_6/2PJGZM_6_sample_6_rel-abundance.tsv
2PJGZM_6_sample_6,Veillonella parvula,27.26810673443456,26.758104738154618,1073,results/custom_emu/2PJGZM_6_sample_6/2PJGZM_6_sample_6_rel-abundance.tsv
2PJGZM_7_sample_7,Bacteroides thetaiotaomicron,34.894406732253664,33.95907082228159,1114.8762950955045,results/custom_emu/2PJGZM_7_sample_7/2PJGZM_7_sample_7_rel-abundance.tsv
2PJGZM_7_sample_7,Cutibacterium acnes,40.68847325511877,39.59782883036993,1299.9967205010448,results/custom_emu/2PJGZM_7_sample_7/2PJGZM_7_sample_7_rel-abundance.tsv
2PJGZM_7_sample_7,Fusobacterium nucleatum,8.864482028155813,8.626871787985934,283.2202007995782,results/custom_emu/2PJGZM_7_sample_7/2PJGZM_7_sample_7_rel-abundance.tsv
2PJGZM_7_sample_7,Prevotella melaninogenica,8.892785281183299,8.65441637934226,284.1244897338064,results/custom_emu/2PJGZM_7_sample_7/2PJGZM_7_sample_7_rel-abundance.tsv
2PJGZM_7_sample_7,Veillonella parvula,6.6598527032884505,6.481337004875601,212.782293870066,results/custom_emu/2PJGZM_7_sample_7/2PJGZM_7_sample_7_rel-abundance.tsv
2PJGZM_8_sample_8,Bacteroides thetaiotaomicron,81.90625388000363,80.42191594575519,2707.0016907341196,results/custom_emu/2PJGZM_8_sample_8/2PJGZM_8_sample_8_rel-abundance.tsv
2PJGZM_8_sample_8,Cutibacterium acnes,0,0,0,results/custom_emu/2PJGZM_8_sample_8/2PJGZM_8_sample_8_rel-abundance.tsv
2PJGZM_8_sample_8,Fusobacterium nucleatum,5.204236006051436,5.109922756981578,171.99999999999994,results/custom_emu/2PJGZM_8_sample_8/2PJGZM_8_sample_8_rel-abundance.tsv
2PJGZM_8_sample_8,Prevotella melaninogenica,0,0,0,results/custom_emu/2PJGZM_8_sample_8/2PJGZM_8_sample_8_rel-abundance.tsv
2PJGZM_8_sample_8,Veillonella parvula,12.889510113944937,12.655921249729056,425.99830926588,results/custom_emu/2PJGZM_8_sample_8/2PJGZM_8_sample_8_rel-abundance.tsv
2PJGZM_9_sample_9,Bacteroides thetaiotaomicron,78.66470601534392,77.32295908038436,3173.334240658974,results/custom_emu/2PJGZM_9_sample_9/2PJGZM_9_sample_9_rel-abundance.tsv
2PJGZM_9_sample_9,Cutibacterium acnes,0,0,0,results/custom_emu/2PJGZM_9_sample_9/2PJGZM_9_sample_9_rel-abundance.tsv
2PJGZM_9_sample_9,Fusobacterium nucleatum,7.700744295144215,7.569396317400528,310.6480248661177,results/custom_emu/2PJGZM_9_sample_9/2PJGZM_9_sample_9_rel-abundance.tsv
2PJGZM_9_sample_9,Prevotella melaninogenica,0,0,0,results/custom_emu/2PJGZM_9_sample_9/2PJGZM_9_sample_9_rel-abundance.tsv
2PJGZM_9_sample_9,Veillonella parvula,13.634549689511866,13.401991580772629,550.0177344749087,results/custom_emu/2PJGZM_9_sample_9/2PJGZM_9_sample_9_rel-abundance.tsv
