sample_id	usable_reads	emu_classified_estimated_reads	expected_species_estimated_reads	unassigned_or_unclassified_reads	unassigned_or_unclassified_pct	status
2PJGZM_10_sample_10	3969	3969.0000000000005	3896.0000000000005	0.0	0.0	completed
2PJGZM_11_sample_11	4083	4083.0	4011.0	0.0	0.0	completed
2PJGZM_13_sample_13	3488	3487.9999999999995	3384.9999999999995	4.547473508864641e-13	1.3037481390093582e-14	completed
2PJGZM_14_sample_14	3986	3986.0	3939.0	0.0	0.0	completed
2PJGZM_15_sample_15	3661	3661.0	3581.0	0.0	0.0	completed
2PJGZM_17_sample_17	3304	3304.0	3243.0	0.0	0.0	completed
2PJGZM_18_sample_18	3475	3474.9999999999995	3388.9999999999995	4.547473508864641e-13	1.3086254701768752e-14	completed
2PJGZM_19_sample_19	3284	3284.0	3211.0	0.0	0.0	completed
2PJGZM_1_sample_1	249	249.0	241.0	0.0	0.0	completed
2PJGZM_20_sample_20	3603	3603.0	3547.0	0.0	0.0	completed
2PJGZM_2_sample_2	3952	3952.0	3880.0	0.0	0.0	completed
2PJGZM_3_sample_3	3742	3741.9999999999995	3662.9999999999995	4.547473508864641e-13	1.2152521402631324e-14	completed
2PJGZM_4_sample_4	3898	3898.0000000000005	3815.0000000000005	0.0	0.0	completed
2PJGZM_5_sample_5	4050	4050.0	3999.0	0.0	0.0	completed
2PJGZM_6_sample_6	4010	4010.0	3935.0	0.0	0.0	completed
2PJGZM_7_sample_7	3283	3283.0	3195.0	0.0	0.0	completed
2PJGZM_8_sample_8	3366	3365.9999999999995	3304.9999999999995	4.547473508864641e-13	1.351002230797576e-14	completed
2PJGZM_9_sample_9	4104	4104.0	4034.0000000000005	0.0	0.0	completed
