sample_id	usable_reads	status	output_directory
2PJGZM_10_sample_10	3969	completed	results/custom_emu/2PJGZM_10_sample_10
2PJGZM_11_sample_11	4083	completed	results/custom_emu/2PJGZM_11_sample_11
2PJGZM_13_sample_13	3488	completed	results/custom_emu/2PJGZM_13_sample_13
2PJGZM_14_sample_14	3986	completed	results/custom_emu/2PJGZM_14_sample_14
2PJGZM_15_sample_15	3661	completed	results/custom_emu/2PJGZM_15_sample_15
2PJGZM_17_sample_17	3304	completed	results/custom_emu/2PJGZM_17_sample_17
2PJGZM_18_sample_18	3475	completed	results/custom_emu/2PJGZM_18_sample_18
2PJGZM_19_sample_19	3284	completed	results/custom_emu/2PJGZM_19_sample_19
2PJGZM_1_sample_1	249	completed	results/custom_emu/2PJGZM_1_sample_1
2PJGZM_20_sample_20	3603	completed	results/custom_emu/2PJGZM_20_sample_20
2PJGZM_2_sample_2	3952	completed	results/custom_emu/2PJGZM_2_sample_2
2PJGZM_3_sample_3	3742	completed	results/custom_emu/2PJGZM_3_sample_3
2PJGZM_4_sample_4	3898	completed	results/custom_emu/2PJGZM_4_sample_4
2PJGZM_5_sample_5	4050	completed	results/custom_emu/2PJGZM_5_sample_5
2PJGZM_6_sample_6	4010	completed	results/custom_emu/2PJGZM_6_sample_6
2PJGZM_7_sample_7	3283	completed	results/custom_emu/2PJGZM_7_sample_7
2PJGZM_8_sample_8	3366	completed	results/custom_emu/2PJGZM_8_sample_8
2PJGZM_9_sample_9	4104	completed	results/custom_emu/2PJGZM_9_sample_9
