sample_id	species	reads	minimap_pct	custom_emu_pct
2PJGZM_10_sample_10	Bacteroides thetaiotaomicron	3049	78.42078189300412	78.36242201394803
2PJGZM_10_sample_10	Fusobacterium nucleatum	138	3.549382716049383	3.619096328915482
2PJGZM_10_sample_10	Veillonella parvula	701	18.029835390946502	18.018481657136476
2PJGZM_11_sample_11	Bacteroides thetaiotaomicron	3083	77.87320030310684	77.24375076835678
2PJGZM_11_sample_11	Fusobacterium nucleatum	167	4.218236928517302	4.3317776441017495
2PJGZM_11_sample_11	Veillonella parvula	709	17.90856276837585	18.42447158754148
2PJGZM_13_sample_13	Bacteroides thetaiotaomicron	3068	90.87677725118483	90.81145073810006
2PJGZM_13_sample_13	Fusobacterium nucleatum	29	0.8590047393364929	0.8567208271787298
2PJGZM_13_sample_13	Veillonella parvula	279	8.264218009478673	8.331828434721215
2PJGZM_14_sample_14	Bacteroides thetaiotaomicron	3187	81.17677024961793	81.11504596102358
2PJGZM_14_sample_14	Fusobacterium nucleatum	95	2.4197656647987773	2.3863924854023866
2PJGZM_14_sample_14	Veillonella parvula	644	16.40346408558329	16.49856155357404
2PJGZM_15_sample_15	Bacteroides thetaiotaomicron	2878	80.63883440739703	80.64786180614722
2PJGZM_15_sample_15	Fusobacterium nucleatum	95	2.6618100308209582	2.652890254118961
2PJGZM_15_sample_15	Veillonella parvula	596	16.699355561782014	16.699247939733805
2PJGZM_17_sample_17	Bacteroides thetaiotaomicron	2741	84.78193628209094	84.67549500011911
2PJGZM_17_sample_17	Fusobacterium nucleatum	45	1.3918960717599753	1.4184397163120568
2PJGZM_17_sample_17	Prevotella melaninogenica	22	0.6804825239715434	0.6788125801473704
2PJGZM_17_sample_17	Veillonella parvula	425	13.145685122177545	13.227252703421453
2PJGZM_18_sample_18	Bacteroides thetaiotaomicron	3073	90.83653561927284	90.8527589259368
2PJGZM_18_sample_18	Fusobacterium nucleatum	54	1.5962163759976353	1.593390380643279
2PJGZM_18_sample_18	Veillonella parvula	256	7.56724800472953	7.553850693419912
2PJGZM_19_sample_19	Bacteroides thetaiotaomicron	2860	89.26342072409489	89.16225839927426
2PJGZM_19_sample_19	Fusobacterium nucleatum	31	0.9675405742821473	0.9965742759265026
2PJGZM_19_sample_19	Veillonella parvula	313	9.769038701622971	9.841167324799228
2PJGZM_1_sample_1	Bacteroides thetaiotaomicron	212	87.24279835390946	87.13692946058092
2PJGZM_1_sample_1	Cutibacterium acnes	1	0.411522633744856	0.4149377593360996
2PJGZM_1_sample_1	Fusobacterium nucleatum	23	9.465020576131687	9.54356846473029
2PJGZM_1_sample_1	Veillonella parvula	7	2.880658436213992	2.904564315352697
2PJGZM_20_sample_20	Bacteroides thetaiotaomicron	2994	84.71986417657045	84.63552825176737
2PJGZM_20_sample_20	Fusobacterium nucleatum	56	1.5846066779852859	1.6069918240766847
2PJGZM_20_sample_20	Veillonella parvula	484	13.695529145444256	13.75747992415596
2PJGZM_2_sample_2	Bacteroides thetaiotaomicron	2875	80.48712206047033	75.61788253837078
2PJGZM_2_sample_2	Fusobacterium nucleatum	256	7.166853303471445	7.113402061855949
2PJGZM_2_sample_2	Veillonella parvula	441	12.34602463605823	17.26871539977326
2PJGZM_3_sample_3	Bacteroides thetaiotaomicron	2710	74.34842249657065	74.32511677400272
2PJGZM_3_sample_3	Fusobacterium nucleatum	352	9.657064471879286	9.671727197765192
2PJGZM_3_sample_3	Veillonella parvula	583	15.994513031550069	16.003156028232087
2PJGZM_4_sample_4	Bacteroides thetaiotaomicron	1909	50.52938062466914	50.171228286361135
2PJGZM_4_sample_4	Cutibacterium acnes	1059	28.03070407623081	27.91611548350683
2PJGZM_4_sample_4	Fusobacterium nucleatum	349	9.237691900476442	9.279161201180546
2PJGZM_4_sample_4	Prevotella melaninogenica	131	3.4674430915828482	3.485395409949478
2PJGZM_4_sample_4	Veillonella parvula	330	8.734780307040761	9.14809961900201
2PJGZM_5_sample_5	Bacteroides thetaiotaomicron	3342	83.65456821026282	83.59724520695468
2PJGZM_5_sample_5	Fusobacterium nucleatum	653	16.345431789737173	16.402754793045318
2PJGZM_6_sample_6	Cutibacterium acnes	2580	66.59783169850284	66.09911054637865
2PJGZM_6_sample_6	Prevotella melaninogenica	258	6.659783169850284	6.632782719186785
2PJGZM_6_sample_6	Veillonella parvula	1036	26.742385131646877	27.26810673443456
2PJGZM_7_sample_7	Bacteroides thetaiotaomicron	1101	34.95238095238095	34.894406732253664
2PJGZM_7_sample_7	Cutibacterium acnes	1293	41.04761904761905	40.68847325511877
2PJGZM_7_sample_7	Fusobacterium nucleatum	280	8.88888888888889	8.864482028155813
2PJGZM_7_sample_7	Prevotella melaninogenica	278	8.825396825396826	8.892785281183299
2PJGZM_7_sample_7	Veillonella parvula	198	6.285714285714286	6.6598527032884505
2PJGZM_8_sample_8	Bacteroides thetaiotaomicron	2703	82.03338391502277	81.90625388000363
2PJGZM_8_sample_8	Fusobacterium nucleatum	169	5.128983308042488	5.204236006051436
2PJGZM_8_sample_8	Veillonella parvula	423	12.83763277693475	12.889510113944937
2PJGZM_9_sample_9	Bacteroides thetaiotaomicron	3145	80.27054619703931	78.66470601534392
2PJGZM_9_sample_9	Fusobacterium nucleatum	301	7.682491066870853	7.700744295144215
2PJGZM_9_sample_9	Veillonella parvula	472	12.046962736089842	13.634549689511866
2PJGZM_10_sample_10	Cutibacterium acnes	NA	NA	0
2PJGZM_10_sample_10	Prevotella melaninogenica	NA	NA	0
2PJGZM_11_sample_11	Cutibacterium acnes	NA	NA	0
2PJGZM_11_sample_11	Prevotella melaninogenica	NA	NA	0
2PJGZM_13_sample_13	Cutibacterium acnes	NA	NA	0
2PJGZM_13_sample_13	Prevotella melaninogenica	NA	NA	0
2PJGZM_14_sample_14	Cutibacterium acnes	NA	NA	0
2PJGZM_14_sample_14	Prevotella melaninogenica	NA	NA	0
2PJGZM_15_sample_15	Cutibacterium acnes	NA	NA	0
2PJGZM_15_sample_15	Prevotella melaninogenica	NA	NA	0
2PJGZM_17_sample_17	Cutibacterium acnes	NA	NA	0
2PJGZM_18_sample_18	Cutibacterium acnes	NA	NA	0
2PJGZM_18_sample_18	Prevotella melaninogenica	NA	NA	0
2PJGZM_19_sample_19	Cutibacterium acnes	NA	NA	0
2PJGZM_19_sample_19	Prevotella melaninogenica	NA	NA	0
2PJGZM_1_sample_1	Prevotella melaninogenica	NA	NA	0
2PJGZM_20_sample_20	Cutibacterium acnes	NA	NA	0
2PJGZM_20_sample_20	Prevotella melaninogenica	NA	NA	0
2PJGZM_2_sample_2	Cutibacterium acnes	NA	NA	0
2PJGZM_2_sample_2	Prevotella melaninogenica	NA	NA	0
2PJGZM_3_sample_3	Cutibacterium acnes	NA	NA	0
2PJGZM_3_sample_3	Prevotella melaninogenica	NA	NA	0
2PJGZM_5_sample_5	Cutibacterium acnes	NA	NA	0
2PJGZM_5_sample_5	Prevotella melaninogenica	NA	NA	0
2PJGZM_5_sample_5	Veillonella parvula	NA	NA	0
2PJGZM_6_sample_6	Bacteroides thetaiotaomicron	NA	NA	0
2PJGZM_6_sample_6	Fusobacterium nucleatum	NA	NA	0
2PJGZM_8_sample_8	Cutibacterium acnes	NA	NA	0
2PJGZM_8_sample_8	Prevotella melaninogenica	NA	NA	0
2PJGZM_9_sample_9	Cutibacterium acnes	NA	NA	0
2PJGZM_9_sample_9	Prevotella melaninogenica	NA	NA	0
