sample_id,species,observed_pct,ratio_basis,expected_pct,error_pct_points,abs_error_pct_points,recovery_ratio
2PJGZM_4_sample_4,Bacteroides thetaiotaomicron,50.171228286361135,CFU,32.582298,17.588930286361133,17.588930286361133,1.539830870319863
2PJGZM_4_sample_4,Cutibacterium acnes,27.91611548350683,CFU,29.715409,-1.7992935164931723,1.7992935164931723,0.9394491418074316
2PJGZM_4_sample_4,Fusobacterium nucleatum,9.279161201180546,CFU,26.483886,-17.204724798819452,17.204724798819452,0.3503700779100373
2PJGZM_4_sample_4,Prevotella melaninogenica,3.485395409949478,CFU,2.648389,0.8370064099494781,0.8370064099494781,1.3160436061128022
2PJGZM_4_sample_4,Veillonella parvula,9.14809961900201,CFU,8.570018,0.5780816190020115,0.5780816190020115,1.0674539562229637
2PJGZM_5_sample_5,Bacteroides thetaiotaomicron,83.59724520695468,CFU,55.162355,28.434890206954684,28.434890206954684,1.5154763643966014
2PJGZM_5_sample_5,Cutibacterium acnes,0,CFU,0,0,0,NA
2PJGZM_5_sample_5,Fusobacterium nucleatum,16.402754793045318,CFU,44.837645,-28.434890206954684,28.434890206954684,0.3658255198961791
2PJGZM_5_sample_5,Prevotella melaninogenica,0,CFU,0,0,0,NA
2PJGZM_5_sample_5,Veillonella parvula,0,CFU,0,0,0,NA
2PJGZM_6_sample_6,Bacteroides thetaiotaomicron,0,CFU,0,0,0,NA
2PJGZM_6_sample_6,Cutibacterium acnes,66.09911054637865,CFU,75.020685,-8.921574453621346,8.921574453621346,0.8810784725089974
2PJGZM_6_sample_6,Fusobacterium nucleatum,0,CFU,0,0,0,NA
2PJGZM_6_sample_6,Prevotella melaninogenica,6.632782719186785,CFU,3.343113,3.2896697191867856,3.2896697191867856,1.9840139173239988
2PJGZM_6_sample_6,Veillonella parvula,27.26810673443456,CFU,21.636202,5.63190473443456,5.63190473443456,1.260300062572653
2PJGZM_7_sample_7,Bacteroides thetaiotaomicron,34.894406732253664,CFU,32.156484,2.737922732253665,2.737922732253665,1.0851437219396767
2PJGZM_7_sample_7,Cutibacterium acnes,40.68847325511877,CFU,29.327062,11.361411255118771,11.361411255118771,1.3874036633849913
2PJGZM_7_sample_7,Fusobacterium nucleatum,8.864482028155813,CFU,26.137771,-17.273288971844188,17.273288971844188,0.3391445287417895
2PJGZM_7_sample_7,Prevotella melaninogenica,8.892785281183299,CFU,3.920666,4.972119281183298,4.972119281183298,2.2681823142250064
2PJGZM_7_sample_7,Veillonella parvula,6.6598527032884505,CFU,8.458017,-1.7981642967115494,1.7981642967115494,0.7874011962010068
