sample_id	ratio_basis	known_absent_species	species_key	expected_pct	species
2PJGZM_4_sample_4	CFU	NA	Bacteroides_thetaiotaomicron_expected_pct	32.582298	Bacteroides thetaiotaomicron
2PJGZM_4_sample_4	CFU	NA	Cutibacterium_acnes_expected_pct	29.715409	Cutibacterium acnes
2PJGZM_4_sample_4	CFU	NA	Fusobacterium_nucleatum_expected_pct	26.483886	Fusobacterium nucleatum
2PJGZM_4_sample_4	CFU	NA	Prevotella_melaninogenica_expected_pct	2.648389	Prevotella melaninogenica
2PJGZM_4_sample_4	CFU	NA	Veillonella_parvula_expected_pct	8.570018	Veillonella parvula
2PJGZM_5_sample_5	CFU	Cutibacterium acnes;Prevotella melaninogenica;Veillonella parvula	Bacteroides_thetaiotaomicron_expected_pct	55.162355	Bacteroides thetaiotaomicron
2PJGZM_5_sample_5	CFU	Cutibacterium acnes;Prevotella melaninogenica;Veillonella parvula	Cutibacterium_acnes_expected_pct	0	Cutibacterium acnes
2PJGZM_5_sample_5	CFU	Cutibacterium acnes;Prevotella melaninogenica;Veillonella parvula	Fusobacterium_nucleatum_expected_pct	44.837645	Fusobacterium nucleatum
2PJGZM_5_sample_5	CFU	Cutibacterium acnes;Prevotella melaninogenica;Veillonella parvula	Prevotella_melaninogenica_expected_pct	0	Prevotella melaninogenica
2PJGZM_5_sample_5	CFU	Cutibacterium acnes;Prevotella melaninogenica;Veillonella parvula	Veillonella_parvula_expected_pct	0	Veillonella parvula
2PJGZM_6_sample_6	CFU	Bacteroides thetaiotaomicron;Fusobacterium nucleatum	Bacteroides_thetaiotaomicron_expected_pct	0	Bacteroides thetaiotaomicron
2PJGZM_6_sample_6	CFU	Bacteroides thetaiotaomicron;Fusobacterium nucleatum	Cutibacterium_acnes_expected_pct	75.020685	Cutibacterium acnes
2PJGZM_6_sample_6	CFU	Bacteroides thetaiotaomicron;Fusobacterium nucleatum	Fusobacterium_nucleatum_expected_pct	0	Fusobacterium nucleatum
2PJGZM_6_sample_6	CFU	Bacteroides thetaiotaomicron;Fusobacterium nucleatum	Prevotella_melaninogenica_expected_pct	3.343113	Prevotella melaninogenica
2PJGZM_6_sample_6	CFU	Bacteroides thetaiotaomicron;Fusobacterium nucleatum	Veillonella_parvula_expected_pct	21.636202	Veillonella parvula
2PJGZM_7_sample_7	CFU	NA	Bacteroides_thetaiotaomicron_expected_pct	32.156484	Bacteroides thetaiotaomicron
2PJGZM_7_sample_7	CFU	NA	Cutibacterium_acnes_expected_pct	29.327062	Cutibacterium acnes
2PJGZM_7_sample_7	CFU	NA	Fusobacterium_nucleatum_expected_pct	26.137771	Fusobacterium nucleatum
2PJGZM_7_sample_7	CFU	NA	Prevotella_melaninogenica_expected_pct	3.920666	Prevotella melaninogenica
2PJGZM_7_sample_7	CFU	NA	Veillonella_parvula_expected_pct	8.458017	Veillonella parvula
