sample_id	total_reads	confident_reads	ambiguous_reads	unassigned_reads	confident_pct	ambiguous_pct	unassigned_pct
2PJGZM_10_sample_10	3969	3888	3	78	97.9592	0.0755858	1.96523
2PJGZM_11_sample_11	4083	3959	3	121	96.963	0.0734754	2.96351
2PJGZM_13_sample_13	3488	3376	4	108	96.789	0.114679	3.09633
2PJGZM_14_sample_14	3986	3926	2	58	98.4947	0.0501756	1.45509
2PJGZM_15_sample_15	3661	3569	3	89	97.487	0.0819448	2.43103
2PJGZM_17_sample_17	3304	3233	2	69	97.8511	0.0605327	2.08838
2PJGZM_18_sample_18	3475	3383	3	89	97.3525	0.0863309	2.56115
2PJGZM_19_sample_19	3284	3204	0	80	97.5639	0	2.43605
2PJGZM_1_sample_1	249	243	0	6	97.5904	0	2.40964
2PJGZM_20_sample_20	3603	3534	4	65	98.0849	0.111019	1.80405
2PJGZM_2_sample_2	3952	3572	4	376	90.3846	0.101215	9.51417
2PJGZM_3_sample_3	3742	3645	4	93	97.4078	0.106895	2.4853
2PJGZM_4_sample_4	3898	3778	4	116	96.9215	0.102617	2.97589
2PJGZM_5_sample_5	4050	3995	1	54	98.642	0.0246914	1.33333
2PJGZM_6_sample_6	4010	3874	3	133	96.6085	0.074813	3.31671
2PJGZM_7_sample_7	3283	3150	6	127	95.9488	0.18276	3.86841
2PJGZM_8_sample_8	3366	3295	3	68	97.8907	0.0891266	2.0202
2PJGZM_9_sample_9	4104	3918	1	185	95.4678	0.0243665	4.5078
