sample_id	reference	assignment_status	reads	percentage_all_input_reads
2PJGZM_10_sample_10	Bacteroides_thetaiotaomicron_ref	unassigned	35	0.881834
2PJGZM_10_sample_10	Veillonella_parvula_ref	ambiguous	2	0.0503905
2PJGZM_10_sample_10	Veillonella_parvula_ref	unassigned	29	0.730663
2PJGZM_10_sample_10	Fusobacterium_nucleatum_ref	confident	138	3.47695
2PJGZM_10_sample_10	Veillonella_parvula_ref	confident	701	17.6619
2PJGZM_10_sample_10	NA	unassigned	5	0.125976
2PJGZM_10_sample_10	Bacteroides_thetaiotaomicron_ref	ambiguous	1	0.0251953
2PJGZM_10_sample_10	Fusobacterium_nucleatum_ref	unassigned	9	0.226757
2PJGZM_10_sample_10	Bacteroides_thetaiotaomicron_ref	confident	3049	76.8204
2PJGZM_11_sample_11	Bacteroides_thetaiotaomicron_ref	unassigned	43	1.05315
2PJGZM_11_sample_11	Veillonella_parvula_ref	ambiguous	1	0.0244918
2PJGZM_11_sample_11	Veillonella_parvula_ref	unassigned	65	1.59197
2PJGZM_11_sample_11	Veillonella_parvula_ref	confident	709	17.3647
2PJGZM_11_sample_11	Fusobacterium_nucleatum_ref	confident	167	4.09013
2PJGZM_11_sample_11	NA	unassigned	4	0.0979672
2PJGZM_11_sample_11	Bacteroides_thetaiotaomicron_ref	ambiguous	2	0.0489836
2PJGZM_11_sample_11	Fusobacterium_nucleatum_ref	unassigned	9	0.220426
2PJGZM_11_sample_11	Bacteroides_thetaiotaomicron_ref	confident	3083	75.5082
2PJGZM_13_sample_13	Bacteroides_thetaiotaomicron_ref	unassigned	64	1.83486
2PJGZM_13_sample_13	Veillonella_parvula_ref	ambiguous	2	0.0573394
2PJGZM_13_sample_13	Veillonella_parvula_ref	unassigned	28	0.802752
2PJGZM_13_sample_13	Fusobacterium_nucleatum_ref	confident	29	0.831422
2PJGZM_13_sample_13	Veillonella_parvula_ref	confident	279	7.99885
2PJGZM_13_sample_13	NA	unassigned	14	0.401376
2PJGZM_13_sample_13	Bacteroides_thetaiotaomicron_ref	ambiguous	1	0.0286697
2PJGZM_13_sample_13	Fusobacterium_nucleatum_ref	unassigned	2	0.0573394
2PJGZM_13_sample_13	Fusobacterium_nucleatum_ref	ambiguous	1	0.0286697
2PJGZM_13_sample_13	Bacteroides_thetaiotaomicron_ref	confident	3068	87.9587
2PJGZM_14_sample_14	Bacteroides_thetaiotaomicron_ref	unassigned	29	0.727546
2PJGZM_14_sample_14	Veillonella_parvula_ref	unassigned	16	0.401405
2PJGZM_14_sample_14	Fusobacterium_nucleatum_ref	confident	95	2.38334
2PJGZM_14_sample_14	Veillonella_parvula_ref	confident	644	16.1565
2PJGZM_14_sample_14	NA	unassigned	10	0.250878
2PJGZM_14_sample_14	Bacteroides_thetaiotaomicron_ref	ambiguous	2	0.0501756
2PJGZM_14_sample_14	Fusobacterium_nucleatum_ref	unassigned	3	0.0752634
2PJGZM_14_sample_14	Bacteroides_thetaiotaomicron_ref	confident	3187	79.9548
2PJGZM_15_sample_15	Bacteroides_thetaiotaomicron_ref	unassigned	44	1.20186
2PJGZM_15_sample_15	Veillonella_parvula_ref	ambiguous	3	0.0819448
2PJGZM_15_sample_15	Veillonella_parvula_ref	unassigned	35	0.956023
2PJGZM_15_sample_15	Fusobacterium_nucleatum_ref	confident	95	2.59492
2PJGZM_15_sample_15	Veillonella_parvula_ref	confident	596	16.2797
2PJGZM_15_sample_15	NA	unassigned	5	0.136575
2PJGZM_15_sample_15	Fusobacterium_nucleatum_ref	unassigned	5	0.136575
2PJGZM_15_sample_15	Bacteroides_thetaiotaomicron_ref	confident	2878	78.6124
2PJGZM_17_sample_17	Bacteroides_thetaiotaomicron_ref	unassigned	45	1.36199
2PJGZM_17_sample_17	Veillonella_parvula_ref	unassigned	18	0.544794
2PJGZM_17_sample_17	Prevotella_melaninogenica_ref	unassigned	1	0.0302663
2PJGZM_17_sample_17	Fusobacterium_nucleatum_ref	confident	45	1.36199
2PJGZM_17_sample_17	Veillonella_parvula_ref	confident	425	12.8632
2PJGZM_17_sample_17	NA	unassigned	4	0.121065
2PJGZM_17_sample_17	Fusobacterium_nucleatum_ref	unassigned	1	0.0302663
2PJGZM_17_sample_17	Bacteroides_thetaiotaomicron_ref	ambiguous	1	0.0302663
2PJGZM_17_sample_17	Prevotella_melaninogenica_ref	confident	22	0.66586
2PJGZM_17_sample_17	Fusobacterium_nucleatum_ref	ambiguous	1	0.0302663
2PJGZM_17_sample_17	Bacteroides_thetaiotaomicron_ref	confident	2741	82.96
2PJGZM_18_sample_18	Bacteroides_thetaiotaomicron_ref	unassigned	58	1.66906
2PJGZM_18_sample_18	Veillonella_parvula_ref	ambiguous	2	0.057554
2PJGZM_18_sample_18	Veillonella_parvula_ref	unassigned	17	0.489209
2PJGZM_18_sample_18	Fusobacterium_nucleatum_ref	confident	54	1.55396
2PJGZM_18_sample_18	Veillonella_parvula_ref	confident	256	7.36691
2PJGZM_18_sample_18	NA	unassigned	9	0.258993
2PJGZM_18_sample_18	Fusobacterium_nucleatum_ref	unassigned	5	0.143885
2PJGZM_18_sample_18	Fusobacterium_nucleatum_ref	ambiguous	1	0.028777
2PJGZM_18_sample_18	Bacteroides_thetaiotaomicron_ref	confident	3073	88.4317
2PJGZM_19_sample_19	Bacteroides_thetaiotaomicron_ref	unassigned	42	1.27893
2PJGZM_19_sample_19	Veillonella_parvula_ref	unassigned	9	0.274056
2PJGZM_19_sample_19	Fusobacterium_nucleatum_ref	confident	31	0.943971
2PJGZM_19_sample_19	Veillonella_parvula_ref	confident	313	9.53106
2PJGZM_19_sample_19	NA	unassigned	25	0.761267
2PJGZM_19_sample_19	Fusobacterium_nucleatum_ref	unassigned	4	0.121803
2PJGZM_19_sample_19	Bacteroides_thetaiotaomicron_ref	confident	2860	87.0889
2PJGZM_1_sample_1	Bacteroides_thetaiotaomicron_ref	unassigned	5	2.00803
2PJGZM_1_sample_1	Veillonella_parvula_ref	confident	7	2.81124
2PJGZM_1_sample_1	Fusobacterium_nucleatum_ref	confident	23	9.23695
2PJGZM_1_sample_1	Cutibacterium_acnes_ref	confident	1	0.401606
2PJGZM_1_sample_1	Fusobacterium_nucleatum_ref	unassigned	1	0.401606
2PJGZM_1_sample_1	Bacteroides_thetaiotaomicron_ref	confident	212	85.1406
2PJGZM_20_sample_20	Bacteroides_thetaiotaomicron_ref	unassigned	24	0.666112
2PJGZM_20_sample_20	Veillonella_parvula_ref	ambiguous	2	0.0555093
2PJGZM_20_sample_20	Veillonella_parvula_ref	unassigned	27	0.749376
2PJGZM_20_sample_20	Fusobacterium_nucleatum_ref	confident	56	1.55426
2PJGZM_20_sample_20	Veillonella_parvula_ref	confident	484	13.4333
2PJGZM_20_sample_20	NA	unassigned	11	0.305301
2PJGZM_20_sample_20	Bacteroides_thetaiotaomicron_ref	ambiguous	2	0.0555093
2PJGZM_20_sample_20	Fusobacterium_nucleatum_ref	unassigned	3	0.0832639
2PJGZM_20_sample_20	Bacteroides_thetaiotaomicron_ref	confident	2994	83.0974
2PJGZM_2_sample_2	Bacteroides_thetaiotaomicron_ref	unassigned	86	2.17611
2PJGZM_2_sample_2	Veillonella_parvula_ref	ambiguous	3	0.0759109
2PJGZM_2_sample_2	Veillonella_parvula_ref	unassigned	254	6.42713
2PJGZM_2_sample_2	Veillonella_parvula_ref	confident	441	11.1589
2PJGZM_2_sample_2	Fusobacterium_nucleatum_ref	confident	256	6.47773
2PJGZM_2_sample_2	NA	unassigned	10	0.253036
2PJGZM_2_sample_2	Bacteroides_thetaiotaomicron_ref	ambiguous	1	0.0253036
2PJGZM_2_sample_2	Fusobacterium_nucleatum_ref	unassigned	26	0.657895
2PJGZM_2_sample_2	Bacteroides_thetaiotaomicron_ref	confident	2875	72.748
2PJGZM_3_sample_3	Bacteroides_thetaiotaomicron_ref	unassigned	38	1.0155
2PJGZM_3_sample_3	Veillonella_parvula_ref	unassigned	30	0.80171
2PJGZM_3_sample_3	Veillonella_parvula_ref	confident	583	15.5799
2PJGZM_3_sample_3	Fusobacterium_nucleatum_ref	confident	352	9.40673
2PJGZM_3_sample_3	NA	unassigned	9	0.240513
2PJGZM_3_sample_3	Bacteroides_thetaiotaomicron_ref	ambiguous	3	0.080171
2PJGZM_3_sample_3	Fusobacterium_nucleatum_ref	unassigned	16	0.427579
2PJGZM_3_sample_3	Fusobacterium_nucleatum_ref	ambiguous	1	0.0267237
2PJGZM_3_sample_3	Bacteroides_thetaiotaomicron_ref	confident	2710	72.4212
2PJGZM_4_sample_4	Bacteroides_thetaiotaomicron_ref	unassigned	35	0.897896
2PJGZM_4_sample_4	Veillonella_parvula_ref	ambiguous	2	0.0513084
2PJGZM_4_sample_4	Veillonella_parvula_ref	unassigned	26	0.667009
2PJGZM_4_sample_4	Prevotella_melaninogenica_ref	unassigned	3	0.0769625
2PJGZM_4_sample_4	Fusobacterium_nucleatum_ref	confident	349	8.95331
2PJGZM_4_sample_4	Veillonella_parvula_ref	confident	330	8.46588
2PJGZM_4_sample_4	NA	unassigned	4	0.102617
2PJGZM_4_sample_4	Bacteroides_thetaiotaomicron_ref	ambiguous	2	0.0513084
2PJGZM_4_sample_4	Fusobacterium_nucleatum_ref	unassigned	15	0.384813
2PJGZM_4_sample_4	Cutibacterium_acnes_ref	confident	1059	27.1678
2PJGZM_4_sample_4	Cutibacterium_acnes_ref	unassigned	33	0.846588
2PJGZM_4_sample_4	Prevotella_melaninogenica_ref	confident	131	3.3607
2PJGZM_4_sample_4	Bacteroides_thetaiotaomicron_ref	confident	1909	48.9738
2PJGZM_5_sample_5	Bacteroides_thetaiotaomicron_ref	unassigned	33	0.814815
2PJGZM_5_sample_5	Fusobacterium_nucleatum_ref	confident	653	16.1235
2PJGZM_5_sample_5	NA	unassigned	8	0.197531
2PJGZM_5_sample_5	Fusobacterium_nucleatum_ref	unassigned	13	0.320988
2PJGZM_5_sample_5	Fusobacterium_nucleatum_ref	ambiguous	1	0.0246914
2PJGZM_5_sample_5	Bacteroides_thetaiotaomicron_ref	confident	3342	82.5185
2PJGZM_6_sample_6	Veillonella_parvula_ref	ambiguous	2	0.0498753
2PJGZM_6_sample_6	Veillonella_parvula_ref	unassigned	50	1.24688
2PJGZM_6_sample_6	Prevotella_melaninogenica_ref	ambiguous	1	0.0249377
2PJGZM_6_sample_6	Prevotella_melaninogenica_ref	unassigned	20	0.498753
2PJGZM_6_sample_6	Veillonella_parvula_ref	confident	1036	25.8354
2PJGZM_6_sample_6	NA	unassigned	7	0.174564
2PJGZM_6_sample_6	Cutibacterium_acnes_ref	confident	2580	64.3392
2PJGZM_6_sample_6	Cutibacterium_acnes_ref	unassigned	56	1.39651
2PJGZM_6_sample_6	Prevotella_melaninogenica_ref	confident	258	6.43392
2PJGZM_7_sample_7	Bacteroides_thetaiotaomicron_ref	unassigned	37	1.12702
2PJGZM_7_sample_7	Veillonella_parvula_ref	ambiguous	1	0.0304599
2PJGZM_7_sample_7	Veillonella_parvula_ref	unassigned	18	0.548279
2PJGZM_7_sample_7	Cutibacterium_acnes_ref	ambiguous	3	0.0913798
2PJGZM_7_sample_7	Prevotella_melaninogenica_ref	ambiguous	1	0.0304599
2PJGZM_7_sample_7	Prevotella_melaninogenica_ref	unassigned	11	0.335059
2PJGZM_7_sample_7	Veillonella_parvula_ref	confident	198	6.03107
2PJGZM_7_sample_7	Fusobacterium_nucleatum_ref	confident	280	8.52878
2PJGZM_7_sample_7	NA	unassigned	4	0.12184
2PJGZM_7_sample_7	Bacteroides_thetaiotaomicron_ref	ambiguous	1	0.0304599
2PJGZM_7_sample_7	Fusobacterium_nucleatum_ref	unassigned	11	0.335059
2PJGZM_7_sample_7	Cutibacterium_acnes_ref	confident	1293	39.3847
2PJGZM_7_sample_7	Cutibacterium_acnes_ref	unassigned	46	1.40116
2PJGZM_7_sample_7	Prevotella_melaninogenica_ref	confident	278	8.46786
2PJGZM_7_sample_7	Bacteroides_thetaiotaomicron_ref	confident	1101	33.5364
2PJGZM_8_sample_8	Bacteroides_thetaiotaomicron_ref	unassigned	42	1.24777
2PJGZM_8_sample_8	Veillonella_parvula_ref	ambiguous	3	0.0891266
2PJGZM_8_sample_8	Veillonella_parvula_ref	unassigned	16	0.475342
2PJGZM_8_sample_8	Fusobacterium_nucleatum_ref	confident	169	5.0208
2PJGZM_8_sample_8	Veillonella_parvula_ref	confident	423	12.5668
2PJGZM_8_sample_8	NA	unassigned	2	0.0594177
2PJGZM_8_sample_8	Fusobacterium_nucleatum_ref	unassigned	8	0.237671
2PJGZM_8_sample_8	Bacteroides_thetaiotaomicron_ref	confident	2703	80.303
2PJGZM_9_sample_9	Bacteroides_thetaiotaomicron_ref	unassigned	63	1.53509
2PJGZM_9_sample_9	Veillonella_parvula_ref	unassigned	99	2.41228
2PJGZM_9_sample_9	Fusobacterium_nucleatum_ref	confident	301	7.33431
2PJGZM_9_sample_9	Veillonella_parvula_ref	confident	472	11.501
2PJGZM_9_sample_9	NA	unassigned	8	0.194932
2PJGZM_9_sample_9	Fusobacterium_nucleatum_ref	unassigned	15	0.365497
2PJGZM_9_sample_9	Fusobacterium_nucleatum_ref	ambiguous	1	0.0243665
2PJGZM_9_sample_9	Bacteroides_thetaiotaomicron_ref	confident	3145	76.6326
