sample_id	reference	confident_reads	percentage_all_input_reads	percentage_among_confident_reads
2PJGZM_10_sample_10	Bacteroides_thetaiotaomicron_ref	3049	76.8204	78.4208
2PJGZM_10_sample_10	Veillonella_parvula_ref	701	17.6619	18.0298
2PJGZM_10_sample_10	Fusobacterium_nucleatum_ref	138	3.47695	3.54938
2PJGZM_11_sample_11	Bacteroides_thetaiotaomicron_ref	3083	75.5082	77.8732
2PJGZM_11_sample_11	Veillonella_parvula_ref	709	17.3647	17.9086
2PJGZM_11_sample_11	Fusobacterium_nucleatum_ref	167	4.09013	4.21824
2PJGZM_13_sample_13	Bacteroides_thetaiotaomicron_ref	3068	87.9587	90.8768
2PJGZM_13_sample_13	Veillonella_parvula_ref	279	7.99885	8.26422
2PJGZM_13_sample_13	Fusobacterium_nucleatum_ref	29	0.831422	0.859005
2PJGZM_14_sample_14	Bacteroides_thetaiotaomicron_ref	3187	79.9548	81.1768
2PJGZM_14_sample_14	Veillonella_parvula_ref	644	16.1565	16.4035
2PJGZM_14_sample_14	Fusobacterium_nucleatum_ref	95	2.38334	2.41977
2PJGZM_15_sample_15	Bacteroides_thetaiotaomicron_ref	2878	78.6124	80.6388
2PJGZM_15_sample_15	Veillonella_parvula_ref	596	16.2797	16.6994
2PJGZM_15_sample_15	Fusobacterium_nucleatum_ref	95	2.59492	2.66181
2PJGZM_17_sample_17	Prevotella_melaninogenica_ref	22	0.66586	0.680483
2PJGZM_17_sample_17	Bacteroides_thetaiotaomicron_ref	2741	82.96	84.7819
2PJGZM_17_sample_17	Veillonella_parvula_ref	425	12.8632	13.1457
2PJGZM_17_sample_17	Fusobacterium_nucleatum_ref	45	1.36199	1.3919
2PJGZM_18_sample_18	Bacteroides_thetaiotaomicron_ref	3073	88.4317	90.8365
2PJGZM_18_sample_18	Veillonella_parvula_ref	256	7.36691	7.56725
2PJGZM_18_sample_18	Fusobacterium_nucleatum_ref	54	1.55396	1.59622
2PJGZM_19_sample_19	Bacteroides_thetaiotaomicron_ref	2860	87.0889	89.2634
2PJGZM_19_sample_19	Veillonella_parvula_ref	313	9.53106	9.76904
2PJGZM_19_sample_19	Fusobacterium_nucleatum_ref	31	0.943971	0.967541
2PJGZM_1_sample_1	Cutibacterium_acnes_ref	1	0.401606	0.411523
2PJGZM_1_sample_1	Bacteroides_thetaiotaomicron_ref	212	85.1406	87.2428
2PJGZM_1_sample_1	Veillonella_parvula_ref	7	2.81124	2.88066
2PJGZM_1_sample_1	Fusobacterium_nucleatum_ref	23	9.23695	9.46502
2PJGZM_20_sample_20	Bacteroides_thetaiotaomicron_ref	2994	83.0974	84.7199
2PJGZM_20_sample_20	Veillonella_parvula_ref	484	13.4333	13.6955
2PJGZM_20_sample_20	Fusobacterium_nucleatum_ref	56	1.55426	1.58461
2PJGZM_2_sample_2	Bacteroides_thetaiotaomicron_ref	2875	72.748	80.4871
2PJGZM_2_sample_2	Veillonella_parvula_ref	441	11.1589	12.346
2PJGZM_2_sample_2	Fusobacterium_nucleatum_ref	256	6.47773	7.16685
2PJGZM_3_sample_3	Bacteroides_thetaiotaomicron_ref	2710	72.4212	74.3484
2PJGZM_3_sample_3	Veillonella_parvula_ref	583	15.5799	15.9945
2PJGZM_3_sample_3	Fusobacterium_nucleatum_ref	352	9.40673	9.65706
2PJGZM_4_sample_4	Prevotella_melaninogenica_ref	131	3.3607	3.46744
2PJGZM_4_sample_4	Cutibacterium_acnes_ref	1059	27.1678	28.0307
2PJGZM_4_sample_4	Bacteroides_thetaiotaomicron_ref	1909	48.9738	50.5294
2PJGZM_4_sample_4	Veillonella_parvula_ref	330	8.46588	8.73478
2PJGZM_4_sample_4	Fusobacterium_nucleatum_ref	349	8.95331	9.23769
2PJGZM_5_sample_5	Bacteroides_thetaiotaomicron_ref	3342	82.5185	83.6546
2PJGZM_5_sample_5	Fusobacterium_nucleatum_ref	653	16.1235	16.3454
2PJGZM_6_sample_6	Prevotella_melaninogenica_ref	258	6.43392	6.65978
2PJGZM_6_sample_6	Cutibacterium_acnes_ref	2580	64.3392	66.5978
2PJGZM_6_sample_6	Veillonella_parvula_ref	1036	25.8354	26.7424
2PJGZM_7_sample_7	Prevotella_melaninogenica_ref	278	8.46786	8.8254
2PJGZM_7_sample_7	Cutibacterium_acnes_ref	1293	39.3847	41.0476
2PJGZM_7_sample_7	Bacteroides_thetaiotaomicron_ref	1101	33.5364	34.9524
2PJGZM_7_sample_7	Veillonella_parvula_ref	198	6.03107	6.28571
2PJGZM_7_sample_7	Fusobacterium_nucleatum_ref	280	8.52878	8.88889
2PJGZM_8_sample_8	Bacteroides_thetaiotaomicron_ref	2703	80.303	82.0334
2PJGZM_8_sample_8	Veillonella_parvula_ref	423	12.5668	12.8376
2PJGZM_8_sample_8	Fusobacterium_nucleatum_ref	169	5.0208	5.12898
2PJGZM_9_sample_9	Bacteroides_thetaiotaomicron_ref	3145	76.6326	80.2705
2PJGZM_9_sample_9	Veillonella_parvula_ref	472	11.501	12.047
2PJGZM_9_sample_9	Fusobacterium_nucleatum_ref	301	7.33431	7.68249
