display_order	display_name	usable_reads	unexpected_taxa_pct	mapped_unclassified_pct	alignment_filtered_pct	unmapped_pct	taxonomy_unclassified_pct	total_unknown_or_other_pct
1	P1 (passage baseline)	1977	0	0	3.894790085988872	1.0116337885685383	0	4.90642387455741
2	P6_p1_48	3742	0	0.08017103153393906	1.4430785676109033	0.24051309460181722	0	1.763763
3	5 anaerobes ratio 1	3898	0.641367265264238	0.025654181631605953	1.4879425346331452	0.10261672652642381	0	2.257581
4	F:B	4050	0	0.024691358024691357	0.8641975308641975	0.19753086419753085	0	1.08642
5	C:V:P	4010	1.5711475810473814	0	1.371571072319202	0.1745635910224439	0	3.117282
6	5 anaerobes ratio 2	3283	0.7310386841303685	0.03045994517209869	2.1321961620469083	0.12183978068839477	0	3.015535
7	P6_p1_24	3366	0	0.029708853238265002	1.4854426619132501	0.059417706476530004	0	1.574569
8	P10 stock 24h	4104	3.50141096491228	0.024366471734892786	1.2426900584795322	0.1949317738791423	0	4.963399
9	P6 frozen stock	3969	0	0	1.4865205341395817	0.12597631645250693	0	1.612497
10	P10 stock 96h	3488	0	0	2.2362385321100917	0.4013761467889908	0	2.637615
11	P3_3	3304	0	0	1.3922518159806296	0.12106537530266344	0	1.513317
12	P5_3	3475	0	0.02877697841726619	1.9280575539568345	0.2589928057553957	0	2.215827
13	P7_3	3284	0	0.030450669914738125	1.3398294762484775	0.761266747868453	0	2.131547
14	P9 _1	3603	0	0.08326394671107411	0.8603941160144324	0.30530113794060504	0	1.248959
