sample_id	display_name	display_order	mean_absolute_error_pct_points	maximum_absolute_difference_pct_points
2PJGZM_16_sample_16	P1 (passage baseline)	1	0.10827976114296503	0.2706994028574101
2PJGZM_3_sample_3	P6_p1_48	2	0.009321290398910876	0.02328322599727528
2PJGZM_4_sample_4	5 anaerobes ratio 1	3	0.1891004920528144	0.4133196190020101
2PJGZM_5_sample_5	F:B	4	0.022941917218127373	0.05735479304532021
2PJGZM_6_sample_6	C:V:P	5	0.21027869377382552	0.5257067344345607
2PJGZM_7_sample_7	5 anaerobes ratio 2	6	0.17661119378870005	0.37414270328845056
2PJGZM_8_sample_8	P6_p1_24	7	0.050862447998548	0.12714611999636816
2PJGZM_9_sample_9	P10 stock 24h	8	0.6423195938624311	1.6057939846560743
2PJGZM_10_sample_10	P6 frozen stock	9	0.02788253156619449	0.06971632891548163
2PJGZM_13_sample_13	P10 stock 96h	10	0.027048373888485	0.06760843472121536
2PJGZM_17_sample_17	P3_3	11	0.043233567893403824	0.10640499988087981
2PJGZM_18_sample_18	P5_3	12	0.006497570374720896	0.01625892593679623
2PJGZM_19_sample_19	P7_3	13	0.04046044029029394	0.10114160072573952
2PJGZM_20_sample_20	P9 _1	14	0.03374669929305463	0.08437174823262694
