sample_id	custom_five_reference_assigned_pct	broad_any_taxon_assigned_pct	broad_five_exact_species_assigned_pct	sample_number	display_name	display_order	broad_minus_custom_pct_points
2PJGZM_16_sample_16	94.03136064744564	95.0935761254426	95.0935761254426	16	P1 (passage baseline)	1	1.0622154779969577
2PJGZM_3_sample_3	97.8888295029396	98.23623730625334	98.23623730625334	3	P6_p1_48	2	0.3474078033137431
2PJGZM_4_sample_4	97.87070292457673	98.38378655720882	97.74241929194459	4	5 anaerobes ratio 1	3	0.5130836326320889
2PJGZM_5_sample_5	98.74074074074075	98.91358024691358	98.91358024691358	5	F:B	4	0.17283950617283494
2PJGZM_6_sample_6	98.12967581047383	98.45386533665835	96.88271775561097	6	C:V:P	5	0.3241895261845258
2PJGZM_7_sample_7	97.319524824855307	97.7155041120926	96.98446542796223	7	5 anaerobes ratio 2	6	0.3959792872372958
2PJGZM_8_sample_8	98.18775995246583	98.42543077837196	98.42543077837196	8	P6_p1_24	7	0.23767082590613597
2PJGZM_9_sample_9	98.29434697855753	98.53801169590643	95.03660073099415	9	P10 stock 24h	8	0.24366471734890638
2PJGZM_10_sample_10	98.1607457797934	98.3875031494079	98.3875031494079	10	P6 frozen stock	9	0.22675736961450355
2PJGZM_13_sample_13	97.04701834862385	97.36238532110092	97.36238532110092	13	P10 stock 96h	10	0.31536697247706513
2PJGZM_17_sample_17	98.15375302663438	98.48668280871671	98.48668280871671	17	P3_3	11	0.33292978208233137
2PJGZM_18_sample_18	97.5251798561151	97.7841726618705	97.7841726618705	18	P5_3	12	0.2589928057553976
2PJGZM_19_sample_19	97.77710109622411	97.86845310596833	97.86845310596833	19	P7_3	13	0.09135200974421309
2PJGZM_20_sample_20	98.44573966139328	98.7510407993339	98.7510407993339	20	P9 _1	14	0.3053011379406172
