sample_id	display_name	display_order	species	custom_emu_pct	minimap_pct	difference_pct_points	absolute_difference_pct_points
2PJGZM_16_sample_16	P1 (passage baseline)	1	Bacteroides thetaiotaomicron	23.079655901723005	22.9978354978355	-0.08182040388750522	0.08182040388750522
2PJGZM_16_sample_16	P1 (passage baseline)	1	Cutibacterium acnes	0	0	0	0
2PJGZM_16_sample_16	P1 (passage baseline)	1	Fusobacterium nucleatum	1.0220548682087143	0.974025974025974	-0.048028894182740256	0.048028894182740256
2PJGZM_16_sample_16	P1 (passage baseline)	1	Prevotella melaninogenica	36.25527462311661	36.52597402597402	0.2706994028574101	0.2706994028574101
2PJGZM_16_sample_16	P1 (passage baseline)	1	Veillonella parvula	39.643014606951674	39.502164502164504	-0.14085010478716953	0.14085010478716953
2PJGZM_3_sample_3	P6_p1_48	2	Bacteroides thetaiotaomicron	74.32511677400272	74.3484	0.02328322599727528	0.02328322599727528
2PJGZM_3_sample_3	P6_p1_48	2	Cutibacterium acnes	0	0	0	0
2PJGZM_3_sample_3	P6_p1_48	2	Fusobacterium nucleatum	9.671727197765192	9.65706	-0.014667197765191986	0.014667197765191986
2PJGZM_3_sample_3	P6_p1_48	2	Prevotella melaninogenica	0	0	0	0
2PJGZM_3_sample_3	P6_p1_48	2	Veillonella parvula	16.003156028232087	15.9945	-0.00865602823208711	0.00865602823208711
2PJGZM_4_sample_4	5 anaerobes ratio 1	3	Bacteroides thetaiotaomicron	50.171228286361135	50.5294	0.3581717136388676	0.3581717136388676
2PJGZM_4_sample_4	5 anaerobes ratio 1	3	Cutibacterium acnes	27.91611548350683	28.0307	0.1145845164931707	0.1145845164931707
2PJGZM_4_sample_4	5 anaerobes ratio 1	3	Fusobacterium nucleatum	9.279161201180546	9.23769	-0.04147120118054559	0.04147120118054559
2PJGZM_4_sample_4	5 anaerobes ratio 1	3	Prevotella melaninogenica	3.485395409949478	3.46744	-0.017955409949478085	0.017955409949478085
2PJGZM_4_sample_4	5 anaerobes ratio 1	3	Veillonella parvula	9.14809961900201	8.73478	-0.4133196190020101	0.4133196190020101
2PJGZM_5_sample_5	F:B	4	Bacteroides thetaiotaomicron	83.59724520695468	83.6546	0.05735479304532021	0.05735479304532021
2PJGZM_5_sample_5	F:B	4	Cutibacterium acnes	0	0	0	0
2PJGZM_5_sample_5	F:B	4	Fusobacterium nucleatum	16.402754793045318	16.3454	-0.057354793045316654	0.057354793045316654
2PJGZM_5_sample_5	F:B	4	Prevotella melaninogenica	0	0	0	0
2PJGZM_5_sample_5	F:B	4	Veillonella parvula	0	0	0	0
2PJGZM_6_sample_6	C:V:P	5	Bacteroides thetaiotaomicron	0	0	0	0
2PJGZM_6_sample_6	C:V:P	5	Cutibacterium acnes	66.09911054637865	66.5978	0.49868945362135264	0.49868945362135264
2PJGZM_6_sample_6	C:V:P	5	Fusobacterium nucleatum	0	0	0	0
2PJGZM_6_sample_6	C:V:P	5	Prevotella melaninogenica	6.632782719186785	6.65978	0.026997280813214175	0.026997280813214175
2PJGZM_6_sample_6	C:V:P	5	Veillonella parvula	27.26810673443456	26.7424	-0.5257067344345607	0.5257067344345607
2PJGZM_7_sample_7	5 anaerobes ratio 2	6	Bacteroides thetaiotaomicron	34.894406732253664	34.9524	0.05799326774633329	0.05799326774633329
2PJGZM_7_sample_7	5 anaerobes ratio 2	6	Cutibacterium acnes	40.68847325511877	41.0476	0.3591267448812303	0.3591267448812303
2PJGZM_7_sample_7	5 anaerobes ratio 2	6	Fusobacterium nucleatum	8.864482028155813	8.88889	0.024407971844187415	0.024407971844187415
2PJGZM_7_sample_7	5 anaerobes ratio 2	6	Prevotella melaninogenica	8.892785281183299	8.8254	-0.06738528118329867	0.06738528118329867
2PJGZM_7_sample_7	5 anaerobes ratio 2	6	Veillonella parvula	6.6598527032884505	6.28571	-0.37414270328845056	0.37414270328845056
2PJGZM_8_sample_8	P6_p1_24	7	Bacteroides thetaiotaomicron	81.90625388000363	82.0334	0.12714611999636816	0.12714611999636816
2PJGZM_8_sample_8	P6_p1_24	7	Cutibacterium acnes	0	0	0	0
2PJGZM_8_sample_8	P6_p1_24	7	Fusobacterium nucleatum	5.204236006051436	5.12898	-0.07525600605143534	0.07525600605143534
2PJGZM_8_sample_8	P6_p1_24	7	Prevotella melaninogenica	0	0	0	0
2PJGZM_8_sample_8	P6_p1_24	7	Veillonella parvula	12.889510113944937	12.8376	-0.0519101139449365	0.0519101139449365
2PJGZM_9_sample_9	P10 stock 24h	8	Bacteroides thetaiotaomicron	78.66470601534392	80.2705	1.6057939846560743	1.6057939846560743
2PJGZM_9_sample_9	P10 stock 24h	8	Cutibacterium acnes	0	0	0	0
2PJGZM_9_sample_9	P10 stock 24h	8	Fusobacterium nucleatum	7.700744295144215	7.68249	-0.018254295144215504	0.018254295144215504
2PJGZM_9_sample_9	P10 stock 24h	8	Prevotella melaninogenica	0	0	0	0
2PJGZM_9_sample_9	P10 stock 24h	8	Veillonella parvula	13.634549689511866	12.047	-1.5875496895118655	1.5875496895118655
2PJGZM_10_sample_10	P6 frozen stock	9	Bacteroides thetaiotaomicron	78.36242201394803	78.4208	0.058377986051965536	0.058377986051965536
2PJGZM_10_sample_10	P6 frozen stock	9	Cutibacterium acnes	0	0	0	0
2PJGZM_10_sample_10	P6 frozen stock	9	Fusobacterium nucleatum	3.619096328915482	3.54938	-0.06971632891548163	0.06971632891548163
2PJGZM_10_sample_10	P6 frozen stock	9	Prevotella melaninogenica	0	0	0	0
2PJGZM_10_sample_10	P6 frozen stock	9	Veillonella parvula	18.018481657136476	18.0298	0.011318342863525288	0.011318342863525288
2PJGZM_13_sample_13	P10 stock 96h	10	Bacteroides thetaiotaomicron	90.81145073810006	90.8768	0.06534926189993939	0.06534926189993939
2PJGZM_13_sample_13	P10 stock 96h	10	Cutibacterium acnes	0	0	0	0
2PJGZM_13_sample_13	P10 stock 96h	10	Fusobacterium nucleatum	0.8567208271787298	0.859005	0.0022841728212702472	0.0022841728212702472
2PJGZM_13_sample_13	P10 stock 96h	10	Prevotella melaninogenica	0	0	0	0
2PJGZM_13_sample_13	P10 stock 96h	10	Veillonella parvula	8.331828434721215	8.26422	-0.06760843472121536	0.06760843472121536
2PJGZM_17_sample_17	P3_3	11	Bacteroides thetaiotaomicron	84.67549500011911	84.7819	0.10640499988087981	0.10640499988087981
2PJGZM_17_sample_17	P3_3	11	Cutibacterium acnes	0	0	0	0
2PJGZM_17_sample_17	P3_3	11	Fusobacterium nucleatum	1.4184397163120568	1.3919	-0.02653971631205687	0.02653971631205687
2PJGZM_17_sample_17	P3_3	11	Prevotella melaninogenica	0.6788125801473704	0.680483	0.001670419852629501	0.001670419852629501
2PJGZM_17_sample_17	P3_3	11	Veillonella parvula	13.227252703421453	13.1457	-0.08155270342145293	0.08155270342145293
2PJGZM_18_sample_18	P5_3	12	Bacteroides thetaiotaomicron	90.8527589259368	90.8365	-0.01625892593679623	0.01625892593679623
2PJGZM_18_sample_18	P5_3	12	Cutibacterium acnes	0	0	0	0
2PJGZM_18_sample_18	P5_3	12	Fusobacterium nucleatum	1.593390380643279	1.59622	0.0028296193567209915	0.0028296193567209915
2PJGZM_18_sample_18	P5_3	12	Prevotella melaninogenica	0	0	0	0
2PJGZM_18_sample_18	P5_3	12	Veillonella parvula	7.553850693419912	7.56725	0.013399306580087256	0.013399306580087256
2PJGZM_19_sample_19	P7_3	13	Bacteroides thetaiotaomicron	89.16225839927426	89.2634	0.10114160072573952	0.10114160072573952
2PJGZM_19_sample_19	P7_3	13	Cutibacterium acnes	0	0	0	0
2PJGZM_19_sample_19	P7_3	13	Fusobacterium nucleatum	0.9965742759265026	0.967541	-0.029033275926502622	0.029033275926502622
2PJGZM_19_sample_19	P7_3	13	Prevotella melaninogenica	0	0	0	0
2PJGZM_19_sample_19	P7_3	13	Veillonella parvula	9.841167324799228	9.76904	-0.07212732479922757	0.07212732479922757
2PJGZM_20_sample_20	P9 _1	14	Bacteroides thetaiotaomicron	84.63552825176737	84.7199	0.08437174823262694	0.08437174823262694
2PJGZM_20_sample_20	P9 _1	14	Cutibacterium acnes	0	0	0	0
2PJGZM_20_sample_20	P9 _1	14	Fusobacterium nucleatum	1.6069918240766847	1.58461	-0.022381824076684653	0.022381824076684653
2PJGZM_20_sample_20	P9 _1	14	Prevotella melaninogenica	0	0	0	0
2PJGZM_20_sample_20	P9 _1	14	Veillonella parvula	13.75747992415596	13.6955	-0.06197992415596154	0.06197992415596154
