sample_id	species	abundance_pct_all_usable_reads	estimated_counts	trajectory_point	trajectory_order	biological_role	notes	p1_abundance_pct	p1_estimated_counts	p1_baseline_support	change_from_p1_pct_points	p1_normalized_index
2PJGZM_16_sample_16	Bacteroides thetaiotaomicron	21.70211447713863	429.0508032130307	P1	1	Passage baseline	P1 culture sampled at 48 h and used for passaging; retained 1977 reads after the standard 1200-1800 bp and Q10 filters despite an atypical raw read-length distribution	21.70211447713863	429.0508032130307	Supported: at least 10 estimated P1 reads	0	100
2PJGZM_17_sample_17	Bacteroides thetaiotaomicron	83.11217623649706	2746.026302853863	P3	3	Longitudinal sample	Passage 3	21.70211447713863	429.0508032130307	Supported: at least 10 estimated P1 reads	61.410061759358435	382.9681035184329
2PJGZM_18_sample_18	Bacteroides thetaiotaomicron	88.60431654676253	3078.999999999998	P5	5	Longitudinal sample	Passage 5	21.70211447713863	429.0508032130307	Supported: at least 10 estimated P1 reads	66.90220206962391	408.2750399280208
2PJGZM_19_sample_19	Bacteroides thetaiotaomicron	87.18027153473498	2863.000117200697	P7	7	Longitudinal sample	Passage 7	21.70211447713863	429.0508032130307	Supported: at least 10 estimated P1 reads	65.47815705759635	401.7132599064121
2PJGZM_20_sample_20	Bacteroides thetaiotaomicron	83.32007180377985	3002.0221870901883	P9	9	Longitudinal sample	Passage 9	21.70211447713863	429.0508032130307	Supported: at least 10 estimated P1 reads	61.617957326641225	383.9260542632867
2PJGZM_16_sample_16	Cutibacterium acnes	0	0	P1	1	Passage baseline	P1 culture sampled at 48 h and used for passaging; retained 1977 reads after the standard 1200-1800 bp and Q10 filters despite an atypical raw read-length distribution	0	0	Not detected at P1: fold index undefined	0	NA
2PJGZM_17_sample_17	Cutibacterium acnes	0	0	P3	3	Longitudinal sample	Passage 3	0	0	Not detected at P1: fold index undefined	0	NA
2PJGZM_18_sample_18	Cutibacterium acnes	0	0	P5	5	Longitudinal sample	Passage 5	0	0	Not detected at P1: fold index undefined	0	NA
2PJGZM_19_sample_19	Cutibacterium acnes	0	0	P7	7	Longitudinal sample	Passage 7	0	0	Not detected at P1: fold index undefined	0	NA
2PJGZM_20_sample_20	Cutibacterium acnes	0	0	P9	9	Longitudinal sample	Passage 9	0	0	Not detected at P1: fold index undefined	0	NA
2PJGZM_16_sample_16	Fusobacterium nucleatum	0.9610520991401112	19	P1	1	Passage baseline	P1 culture sampled at 48 h and used for passaging; retained 1977 reads after the standard 1200-1800 bp and Q10 filters despite an atypical raw read-length distribution	0.9610520991401112	19	Supported: at least 10 estimated P1 reads	0	100
2PJGZM_17_sample_17	Fusobacterium nucleatum	1.3922518159806296	46	P3	3	Longitudinal sample	Passage 3	0.9610520991401112	19	Supported: at least 10 estimated P1 reads	0.4311997168405184	144.86746527335288
2PJGZM_18_sample_18	Fusobacterium nucleatum	1.5539568345323949	54.00000000000072	P5	5	Longitudinal sample	Passage 5	0.9610520991401112	19	Supported: at least 10 estimated P1 reads	0.5929047353922836	161.69329799318658
2PJGZM_19_sample_19	Fusobacterium nucleatum	0.97442143727162	32	P7	7	Longitudinal sample	Passage 7	0.9610520991401112	19	Supported: at least 10 estimated P1 reads	0.013369338131508757	101.39111481505226
2PJGZM_20_sample_20	Fusobacterium nucleatum	1.582014987510408	57.00000000000001	P9	9	Longitudinal sample	Passage 9	0.9610520991401112	19	Supported: at least 10 estimated P1 reads	0.6209628883702967	164.6128226477935
2PJGZM_16_sample_16	Prevotella melaninogenica	34.09132803458461	673.9855552437377	P1	1	Passage baseline	P1 culture sampled at 48 h and used for passaging; retained 1977 reads after the standard 1200-1800 bp and Q10 filters despite an atypical raw read-length distribution	34.09132803458461	673.9855552437377	Supported: at least 10 estimated P1 reads	0	100
2PJGZM_17_sample_17	Prevotella melaninogenica	0.6662800234315746	22.013891974179224	P3	3	Longitudinal sample	Passage 3	34.09132803458461	673.9855552437377	Supported: at least 10 estimated P1 reads	-33.42504801115304	1.9543973844481912
2PJGZM_18_sample_18	Prevotella melaninogenica	0	0	P5	5	Longitudinal sample	Passage 5	34.09132803458461	673.9855552437377	Supported: at least 10 estimated P1 reads	-34.09132803458461	0
2PJGZM_19_sample_19	Prevotella melaninogenica	0	0	P7	7	Longitudinal sample	Passage 7	34.09132803458461	673.9855552437377	Supported: at least 10 estimated P1 reads	-34.09132803458461	0
2PJGZM_20_sample_20	Prevotella melaninogenica	0	0	P9	9	Longitudinal sample	Passage 9	34.09132803458461	673.9855552437377	Supported: at least 10 estimated P1 reads	-34.09132803458461	0
2PJGZM_16_sample_16	Veillonella parvula	37.27686603658228	736.9636415432316	P1	1	Passage baseline	P1 culture sampled at 48 h and used for passaging; retained 1977 reads after the standard 1200-1800 bp and Q10 filters despite an atypical raw read-length distribution	37.27686603658228	736.9636415432316	Supported: at least 10 estimated P1 reads	0	100
2PJGZM_17_sample_17	Veillonella parvula	12.983044950725112	428.95980517195767	P3	3	Longitudinal sample	Passage 3	37.27686603658228	736.9636415432316	Supported: at least 10 estimated P1 reads	-24.293821085857164	34.828692245705376
2PJGZM_18_sample_18	Veillonella parvula	7.3669064748201665	256.0000000000008	P5	5	Longitudinal sample	Passage 5	37.27686603658228	736.9636415432316	Supported: at least 10 estimated P1 reads	-29.90995956176211	19.7626765822817
2PJGZM_19_sample_19	Veillonella parvula	9.622408124217516	315.9998827993032	P7	7	Longitudinal sample	Passage 7	37.27686603658228	736.9636415432316	Supported: at least 10 estimated P1 reads	-27.654457912364762	25.81335060402987
2PJGZM_20_sample_20	Veillonella parvula	13.543652870103022	487.9778129098119	P9	9	Longitudinal sample	Passage 9	37.27686603658228	736.9636415432316	Supported: at least 10 estimated P1 reads	-23.733213166479253	36.332595279902904
