sample_id	species	abundance_pct_all_usable_reads	estimated_counts	branch_stage	stage_order	branch_endpoint	p5_abundance_pct	p5_estimated_counts	change_from_p5_pct_points
2PJGZM_18_sample_18	Bacteroides thetaiotaomicron	88.60431654676253	3078.999999999998	P5	1	P6_p1_24	88.60431654676253	3078.999999999998	0
2PJGZM_10_sample_10	Bacteroides thetaiotaomicron	76.9211378600004	3052.999961663416	P6 frozen stock	2	P6_p1_24	88.60431654676253	3078.999999999998	-11.683178686762133
2PJGZM_8_sample_8	Bacteroides thetaiotaomicron	80.42191594575519	2707.0016907341196	P6_p1_24	3	P6_p1_24	88.60431654676253	3078.999999999998	-8.182400601007345
2PJGZM_18_sample_18	Bacteroides thetaiotaomicron	88.60431654676253	3078.999999999998	P5	1	P6_p1_48	88.60431654676253	3078.999999999998	0
2PJGZM_10_sample_10	Bacteroides thetaiotaomicron	76.9211378600004	3052.999961663416	P6 frozen stock	2	P6_p1_48	88.60431654676253	3078.999999999998	-11.683178686762133
2PJGZM_3_sample_3	Bacteroides thetaiotaomicron	72.75598683676428	2722.529027431719	P6_p1_48	3	P6_p1_48	88.60431654676253	3078.999999999998	-15.848329709998254
2PJGZM_18_sample_18	Fusobacterium nucleatum	1.5539568345323949	54.00000000000072	P5	1	P6_p1_24	1.5539568345323949	54.00000000000072	0
2PJGZM_10_sample_10	Fusobacterium nucleatum	3.552531946952562	140.99999297454718	P6 frozen stock	2	P6_p1_24	1.5539568345323949	54.00000000000072	1.998575112420167
2PJGZM_8_sample_8	Fusobacterium nucleatum	5.109922756981578	171.99999999999994	P6_p1_24	3	P6_p1_24	1.5539568345323949	54.00000000000072	3.5559659224491833
2PJGZM_18_sample_18	Fusobacterium nucleatum	1.5539568345323949	54.00000000000072	P5	1	P6_p1_48	1.5539568345323949	54.00000000000072	0
2PJGZM_10_sample_10	Fusobacterium nucleatum	3.552531946952562	140.99999297454718	P6 frozen stock	2	P6_p1_48	1.5539568345323949	54.00000000000072	1.998575112420167
2PJGZM_3_sample_3	Fusobacterium nucleatum	9.467540546609808	354.275367254139	P6_p1_48	3	P6_p1_48	1.5539568345323949	54.00000000000072	7.913583712077413
2PJGZM_18_sample_18	Veillonella parvula	7.3669064748201665	256.0000000000008	P5	1	P6_p1_24	7.3669064748201665	256.0000000000008	0
2PJGZM_10_sample_10	Veillonella parvula	17.687075972840443	702.0000453620372	P6 frozen stock	2	P6_p1_24	7.3669064748201665	256.0000000000008	10.320169498020277
2PJGZM_8_sample_8	Veillonella parvula	12.655921249729056	425.99830926588	P6_p1_24	3	P6_p1_24	7.3669064748201665	256.0000000000008	5.28901477490889
2PJGZM_18_sample_18	Veillonella parvula	7.3669064748201665	256.0000000000008	P5	1	P6_p1_48	7.3669064748201665	256.0000000000008	0
2PJGZM_10_sample_10	Veillonella parvula	17.687075972840443	702.0000453620372	P6 frozen stock	2	P6_p1_48	7.3669064748201665	256.0000000000008	10.320169498020277
2PJGZM_3_sample_3	Veillonella parvula	15.665302119565508	586.1956053141413	P6_p1_48	3	P6_p1_48	7.3669064748201665	256.0000000000008	8.29839564474534
